time,sunspot.month
1749,58
1749.083333,62.6
1749.166667,70
1749.25,55.7
1749.333333,85
1749.416667,83.5
1749.5,94.8
1749.583333,66.3
1749.666667,75.9
1749.75,75.5
1749.833333,158.6
1749.916667,85.2
1750,73.3
1750.083333,75.9
1750.166667,89.2
1750.25,88.3
1750.333333,90
1750.416667,100
1750.5,85.4
1750.583333,103
1750.666667,91.2
1750.75,65.7
1750.833333,63.3
1750.916667,75.4
1751,70
1751.083333,43.5
1751.166667,45.3
1751.25,56.4
1751.333333,60.7
1751.416667,50.7
1751.5,66.3
1751.583333,59.8
1751.666667,23.5
1751.75,23.2
1751.833333,28.5
1751.916667,44
1752,35
1752.083333,50
1752.166667,71
1752.25,59.3
1752.333333,59.7
1752.416667,39.6
1752.5,78.4
1752.583333,29.3
1752.666667,27.1
1752.75,46.6
1752.833333,37.6
1752.916667,40
1753,44
1753.083333,32
1753.166667,45.7
1753.25,38
1753.333333,36
1753.416667,31.7
1753.5,22
1753.583333,39
1753.666667,28
1753.75,25
1753.833333,20
1753.916667,6.7
1754,0
1754.083333,3
1754.166667,1.7
1754.25,13.7
1754.333333,20.7
1754.416667,26.7
1754.5,18.8
1754.583333,12.3
1754.666667,8.2
1754.75,24.1
1754.833333,13.2
1754.916667,4.2
1755,10.2
1755.083333,11.2
1755.166667,6.8
1755.25,6.5
1755.333333,0
1755.416667,0
1755.5,8.6
1755.583333,3.2
1755.666667,17.8
1755.75,23.7
1755.833333,6.8
1755.916667,20
1756,12.5
1756.083333,7.1
1756.166667,5.4
1756.25,9.4
1756.333333,12.5
1756.416667,12.9
1756.5,3.6
1756.583333,6.4
1756.666667,11.8
1756.75,14.3
1756.833333,17
1756.916667,9.4
1757,14.1
1757.083333,21.2
1757.166667,26.2
1757.25,30
1757.333333,38.1
1757.416667,12.8
1757.5,25
1757.583333,51.3
1757.666667,39.7
1757.75,32.5
1757.833333,64.7
1757.916667,33.5
1758,37.6
1758.083333,52
1758.166667,49
1758.25,72.3
1758.333333,46.4
1758.416667,45
1758.5,44
1758.583333,38.7
1758.666667,62.5
1758.75,37.7
1758.833333,43
1758.916667,43
1759,48.3
1759.083333,44
1759.166667,46.8
1759.25,47
1759.333333,49
1759.416667,50
1759.5,51
1759.583333,71.3
1759.666667,77.2
1759.75,59.7
1759.833333,46.3
1759.916667,57
1760,67.3
1760.083333,59.5
1760.166667,74.7
1760.25,58.3
1760.333333,72
1760.416667,48.3
1760.5,66
1760.583333,75.6
1760.666667,61.3
1760.75,50.6
1760.833333,59.7
1760.916667,61
1761,70
1761.083333,91
1761.166667,80.7
1761.25,71.7
1761.333333,107.2
1761.416667,99.3
1761.5,94.1
1761.583333,91.1
1761.666667,100.7
1761.75,88.7
1761.833333,89.7
1761.916667,46
1762,43.8
1762.083333,72.8
1762.166667,45.7
1762.25,60.2
1762.333333,39.9
1762.416667,77.1
1762.5,33.8
1762.583333,67.7
1762.666667,68.5
1762.75,69.3
1762.833333,77.8
1762.916667,77.2
1763,56.5
1763.083333,31.9
1763.166667,34.2
1763.25,32.9
1763.333333,32.7
1763.416667,35.8
1763.5,54.2
1763.583333,26.5
1763.666667,68.1
1763.75,46.3
1763.833333,60.9
1763.916667,61.4
1764,59.7
1764.083333,59.7
1764.166667,40.2
1764.25,34.4
1764.333333,44.3
1764.416667,30
1764.5,30
1764.583333,30
1764.666667,28.2
1764.75,28
1764.833333,26
1764.916667,25.7
1765,24
1765.083333,26
1765.166667,25
1765.25,22
1765.333333,20.2
1765.416667,20
1765.5,27
1765.583333,29.7
1765.666667,16
1765.75,14
1765.833333,14
1765.916667,13
1766,12
1766.083333,11
1766.166667,36.6
1766.25,6
1766.333333,26.8
1766.416667,3
1766.5,3.3
1766.583333,4
1766.666667,4.3
1766.75,5
1766.833333,5.7
1766.916667,19.2
1767,27.4
1767.083333,30
1767.166667,43
1767.25,32.9
1767.333333,29.8
1767.416667,33.3
1767.5,21.9
1767.583333,40.8
1767.666667,42.7
1767.75,44.1
1767.833333,54.7
1767.916667,53.3
1768,53.5
1768.083333,66.1
1768.166667,46.3
1768.25,42.7
1768.333333,77.7
1768.416667,77.4
1768.5,52.6
1768.583333,66.8
1768.666667,74.8
1768.75,77.8
1768.833333,90.6
1768.916667,111.8
1769,73.9
1769.083333,64.2
1769.166667,64.3
1769.25,96.7
1769.333333,73.6
1769.416667,94.4
1769.5,118.6
1769.583333,120.3
1769.666667,148.8
1769.75,158.2
1769.833333,148.1
1769.916667,112
1770,104
1770.083333,142.5
1770.166667,80.1
1770.25,51
1770.333333,70.1
1770.416667,83.3
1770.5,109.8
1770.583333,126.3
1770.666667,104.4
1770.75,103.6
1770.833333,132.2
1770.916667,102.3
1771,36
1771.083333,46.2
1771.166667,46.7
1771.25,64.9
1771.333333,152.7
1771.416667,119.5
1771.5,67.7
1771.583333,58.5
1771.666667,101.4
1771.75,90
1771.833333,99.7
1771.916667,95.7
1772,100.9
1772.083333,90.8
1772.166667,31.1
1772.25,92.2
1772.333333,38
1772.416667,57
1772.5,77.3
1772.583333,56.2
1772.666667,50.5
1772.75,78.6
1772.833333,61.3
1772.916667,64
1773,54.6
1773.083333,29
1773.166667,51.2
1773.25,32.9
1773.333333,41.1
1773.416667,28.4
1773.5,27.7
1773.583333,12.7
1773.666667,29.3
1773.75,26.3
1773.833333,40.9
1773.916667,43.2
1774,46.8
1774.083333,65.4
1774.166667,55.7
1774.25,43.8
1774.333333,51.3
1774.416667,28.5
1774.5,17.5
1774.583333,6.6
1774.666667,7.9
1774.75,14
1774.833333,17.7
1774.916667,12.2
1775,4.4
1775.083333,0
1775.166667,11.6
1775.25,11.2
1775.333333,3.9
1775.416667,12.3
1775.5,1
1775.583333,7.9
1775.666667,3.2
1775.75,5.6
1775.833333,15.1
1775.916667,7.9
1776,21.7
1776.083333,11.6
1776.166667,6.3
1776.25,21.8
1776.333333,11.2
1776.416667,19
1776.5,1
1776.583333,24.2
1776.666667,16
1776.75,30
1776.833333,35
1776.916667,40
1777,45
1777.083333,36.5
1777.166667,39
1777.25,95.5
1777.333333,80.3
1777.416667,80.7
1777.5,95
1777.583333,112
1777.666667,116.2
1777.75,106.5
1777.833333,146
1777.916667,157.3
1778,177.3
1778.083333,109.3
1778.166667,134
1778.25,145
1778.333333,238.9
1778.416667,171.6
1778.5,153
1778.583333,140
1778.666667,171.7
1778.75,156.3
1778.833333,150.3
1778.916667,105
1779,114.7
1779.083333,165.7
1779.166667,118
1779.25,145
1779.333333,140
1779.416667,113.7
1779.5,143
1779.583333,112
1779.666667,111
1779.75,124
1779.833333,114
1779.916667,110
1780,70
1780.083333,98
1780.166667,98
1780.25,95
1780.333333,107.2
1780.416667,88
1780.5,86
1780.583333,86
1780.666667,93.7
1780.75,77
1780.833333,60
1780.916667,58.7
1781,98.7
1781.083333,74.7
1781.166667,53
1781.25,68.3
1781.333333,104.7
1781.416667,97.7
1781.5,73.5
1781.583333,66
1781.666667,51
1781.75,27.3
1781.833333,67
1781.916667,35.2
1782,54
1782.083333,37.5
1782.166667,37
1782.25,41
1782.333333,54.3
1782.416667,38
1782.5,37
1782.583333,44
1782.666667,34
1782.75,23.2
1782.833333,31.5
1782.916667,30
1783,28
1783.083333,38.7
1783.166667,26.7
1783.25,28.3
1783.333333,23
1783.416667,25.2
1783.5,32.2
1783.583333,20
1783.666667,18
1783.75,8
1783.833333,15
1783.916667,10.5
1784,13
1784.083333,8
1784.166667,11
1784.25,10
1784.333333,6
1784.416667,9
1784.5,6
1784.583333,10
1784.666667,10
1784.75,8
1784.833333,17
1784.916667,14
1785,6.5
1785.083333,8
1785.166667,9
1785.25,15.7
1785.333333,20.7
1785.416667,26.3
1785.5,36.3
1785.583333,20
1785.666667,32
1785.75,47.2
1785.833333,40.2
1785.916667,27.3
1786,37.2
1786.083333,47.6
1786.166667,47.7
1786.25,85.4
1786.333333,92.3
1786.416667,59
1786.5,83
1786.583333,89.7
1786.666667,111.5
1786.75,112.3
1786.833333,116
1786.916667,112.7
1787,134.7
1787.083333,106
1787.166667,87.4
1787.25,127.2
1787.333333,134.8
1787.416667,99.2
1787.5,128
1787.583333,137.2
1787.666667,157.3
1787.75,157
1787.833333,141.5
1787.916667,174
1788,138
1788.083333,129.2
1788.166667,143.3
1788.25,108.5
1788.333333,113
1788.416667,154.2
1788.5,141.5
1788.583333,136
1788.666667,141
1788.75,142
1788.833333,94.7
1788.916667,129.5
1789,114
1789.083333,125.3
1789.166667,120
1789.25,123.3
1789.333333,123.5
1789.416667,120
1789.5,117
1789.583333,103
1789.666667,112
1789.75,89.7
1789.833333,134
1789.916667,135.5
1790,103
1790.083333,127.5
1790.166667,96.3
1790.25,94
1790.333333,93
1790.416667,91
1790.5,69.3
1790.583333,87
1790.666667,77.3
1790.75,84.3
1790.833333,82
1790.916667,74
1791,72.7
1791.083333,62
1791.166667,74
1791.25,77.2
1791.333333,73.7
1791.416667,64.2
1791.5,71
1791.583333,43
1791.666667,66.5
1791.75,61.7
1791.833333,67
1791.916667,66
1792,58
1792.083333,64
1792.166667,63
1792.25,75.7
1792.333333,62
1792.416667,61
1792.5,45.8
1792.583333,60
1792.666667,59
1792.75,59
1792.833333,57
1792.916667,56
1793,56
1793.083333,55
1793.166667,55.5
1793.25,53
1793.333333,52.3
1793.416667,51
1793.5,50
1793.583333,29.3
1793.666667,24
1793.75,47
1793.833333,44
1793.916667,45.7
1794,45
1794.083333,44
1794.166667,38
1794.25,28.4
1794.333333,55.7
1794.416667,41.5
1794.5,41
1794.583333,40
1794.666667,11.1
1794.75,28.5
1794.833333,67.4
1794.916667,51.4
1795,21.4
1795.083333,39.9
1795.166667,12.6
1795.25,18.6
1795.333333,31
1795.416667,17.1
1795.5,12.9
1795.583333,25.7
1795.666667,13.5
1795.75,19.5
1795.833333,25
1795.916667,18
1796,22
1796.083333,23.8
1796.166667,15.7
1796.25,31.7
1796.333333,21
1796.416667,6.7
1796.5,26.9
1796.583333,1.5
1796.666667,18.4
1796.75,11
1796.833333,8.4
1796.916667,5.1
1797,14.4
1797.083333,4.2
1797.166667,4
1797.25,4
1797.333333,7.3
1797.416667,11.1
1797.5,4.3
1797.583333,6
1797.666667,5.7
1797.75,6.9
1797.833333,5.8
1797.916667,3
1798,2
1798.083333,4
1798.166667,12.4
1798.25,1.1
1798.333333,0
1798.416667,0
1798.5,0
1798.583333,3
1798.666667,2.4
1798.75,1.5
1798.833333,12.5
1798.916667,9.9
1799,1.6
1799.083333,12.6
1799.166667,21.7
1799.25,8.4
1799.333333,8.2
1799.416667,10.6
1799.5,2.1
1799.583333,0
1799.666667,0
1799.75,4.6
1799.833333,2.7
1799.916667,8.6
1800,6.9
1800.083333,9.3
1800.166667,13.9
1800.25,0
1800.333333,5
1800.416667,23.7
1800.5,21
1800.583333,19.5
1800.666667,11.5
1800.75,12.3
1800.833333,10.5
1800.916667,40.1
1801,27
1801.083333,29
1801.166667,30
1801.25,31
1801.333333,32
1801.416667,31.2
1801.5,35
1801.583333,38.7
1801.666667,33.5
1801.75,32.6
1801.833333,39.8
1801.916667,48.2
1802,47.8
1802.083333,47
1802.166667,40.8
1802.25,42
1802.333333,44
1802.416667,46
1802.5,48
1802.583333,50
1802.666667,51.8
1802.75,38.5
1802.833333,34.5
1802.916667,50
1803,50
1803.083333,50.8
1803.166667,29.5
1803.25,25
1803.333333,44.3
1803.416667,36
1803.5,48.3
1803.583333,34.1
1803.666667,45.3
1803.75,54.3
1803.833333,51
1803.916667,48
1804,45.3
1804.083333,48.3
1804.166667,48
1804.25,50.6
1804.333333,33.4
1804.416667,34.8
1804.5,29.8
1804.583333,43.1
1804.666667,53
1804.75,62.3
1804.833333,61
1804.916667,60
1805,61
1805.083333,44.1
1805.166667,51.4
1805.25,37.5
1805.333333,39
1805.416667,40.5
1805.5,37.6
1805.583333,42.7
1805.666667,44.4
1805.75,29.4
1805.833333,41
1805.916667,38.3
1806,39
1806.083333,29.6
1806.166667,32.7
1806.25,27.7
1806.333333,26.4
1806.416667,25.6
1806.5,30
1806.583333,26.3
1806.666667,24
1806.75,27
1806.833333,25
1806.916667,24
1807,12
1807.083333,12.2
1807.166667,9.6
1807.25,23.8
1807.333333,10
1807.416667,12
1807.5,12.7
1807.583333,12
1807.666667,5.7
1807.75,8
1807.833333,2.6
1807.916667,0
1808,0
1808.083333,4.5
1808.166667,0
1808.25,12.3
1808.333333,13.5
1808.416667,13.5
1808.5,6.7
1808.583333,8
1808.666667,11.7
1808.75,4.7
1808.833333,10.5
1808.916667,12.3
1809,7.2
1809.083333,9.2
1809.166667,0.9
1809.25,2.5
1809.333333,2
1809.416667,7.7
1809.5,0.3
1809.583333,0.2
1809.666667,0.4
1809.75,0
1809.833333,0
1809.916667,0
1810,0
1810.083333,0
1810.166667,0
1810.25,0
1810.333333,0
1810.416667,0
1810.5,0
1810.583333,0
1810.666667,0
1810.75,0
1810.833333,0
1810.916667,0
1811,0
1811.083333,0
1811.166667,0
1811.25,0
1811.333333,0
1811.416667,0
1811.5,6.6
1811.583333,0
1811.666667,2.4
1811.75,6.1
1811.833333,0.8
1811.916667,1.1
1812,11.3
1812.083333,1.9
1812.166667,0.7
1812.25,0
1812.333333,1
1812.416667,1.3
1812.5,0.5
1812.583333,15.6
1812.666667,5.2
1812.75,3.9
1812.833333,7.9
1812.916667,10.1
1813,0
1813.083333,10.3
1813.166667,1.9
1813.25,16.6
1813.333333,5.5
1813.416667,11.2
1813.5,18.3
1813.583333,8.4
1813.666667,15.3
1813.75,27.8
1813.833333,16.7
1813.916667,14.3
1814,22.2
1814.083333,12
1814.166667,5.7
1814.25,23.8
1814.333333,5.8
1814.416667,14.9
1814.5,18.5
1814.583333,2.3
1814.666667,8.1
1814.75,19.3
1814.833333,14.5
1814.916667,20.1
1815,19.2
1815.083333,32.2
1815.166667,26.2
1815.25,31.6
1815.333333,9.8
1815.416667,55.9
1815.5,35.5
1815.583333,47.2
1815.666667,31.5
1815.75,33.5
1815.833333,37.2
1815.916667,65
1816,26.3
1816.083333,68.8
1816.166667,73.7
1816.25,58.8
1816.333333,44.3
1816.416667,43.6
1816.5,38.8
1816.583333,23.2
1816.666667,47.8
1816.75,56.4
1816.833333,38.1
1816.916667,29.9
1817,36.4
1817.083333,57.9
1817.166667,96.2
1817.25,26.4
1817.333333,21.2
1817.416667,40
1817.5,50
1817.583333,45
1817.666667,36.7
1817.75,25.6
1817.833333,28.9
1817.916667,28.4
1818,34.9
1818.083333,22.4
1818.166667,25.4
1818.25,34.5
1818.333333,53.1
1818.416667,36.4
1818.5,28
1818.583333,31.5
1818.666667,26.1
1818.75,31.6
1818.833333,10.9
1818.916667,25.8
1819,32.8
1819.083333,20.7
1819.166667,3.7
1819.25,20.2
1819.333333,19.6
1819.416667,35
1819.5,31.4
1819.583333,26.1
1819.666667,14.9
1819.75,27.5
1819.833333,25.1
1819.916667,30.6
1820,19.2
1820.083333,26.6
1820.166667,4.5
1820.25,19.4
1820.333333,29.3
1820.416667,10.8
1820.5,20.6
1820.583333,25.9
1820.666667,5.2
1820.75,8.9
1820.833333,7.9
1820.916667,9.1
1821,21.5
1821.083333,4.2
1821.166667,5.7
1821.25,9.2
1821.333333,1.7
1821.416667,1.8
1821.5,2.5
1821.583333,4.8
1821.666667,4.4
1821.75,18.8
1821.833333,4.4
1821.916667,0.2
1822,0
1822.083333,0.9
1822.166667,16.1
1822.25,13.5
1822.333333,1.5
1822.416667,5.6
1822.5,7.9
1822.583333,2.1
1822.666667,0
1822.75,0.4
1822.833333,0
1822.916667,0
1823,0
1823.083333,0
1823.166667,0.6
1823.25,0
1823.333333,0
1823.416667,0
1823.5,0.5
1823.583333,0
1823.666667,0
1823.75,0
1823.833333,0
1823.916667,20.4
1824,21.7
1824.083333,10.8
1824.166667,0
1824.25,19.4
1824.333333,2.8
1824.416667,0
1824.5,0
1824.583333,1.4
1824.666667,20.5
1824.75,25.2
1824.833333,0
1824.916667,0.8
1825,5
1825.083333,15.5
1825.166667,22.4
1825.25,3.8
1825.333333,15.5
1825.416667,15.4
1825.5,30.9
1825.583333,25.7
1825.666667,15.7
1825.75,15.6
1825.833333,11.7
1825.916667,22
1826,17.7
1826.083333,18.2
1826.166667,36.7
1826.25,24
1826.333333,32.4
1826.416667,37.1
1826.5,52.5
1826.583333,39.6
1826.666667,18.9
1826.75,50.6
1826.833333,39.5
1826.916667,68.1
1827,34.6
1827.083333,47.4
1827.166667,57.8
1827.25,46
1827.333333,56.3
1827.416667,56.7
1827.5,42.3
1827.583333,53.7
1827.666667,49.6
1827.75,56.1
1827.833333,48.2
1827.916667,46.1
1828,52.8
1828.083333,64.4
1828.166667,65
1828.25,61.1
1828.333333,89.1
1828.416667,98
1828.5,54.2
1828.583333,76.4
1828.666667,50.4
1828.75,54.7
1828.833333,57
1828.916667,46.9
1829,43
1829.083333,49.4
1829.166667,72.3
1829.25,95
1829.333333,67.4
1829.416667,73.9
1829.5,90.8
1829.583333,77.6
1829.666667,52.8
1829.75,57.2
1829.833333,67.6
1829.916667,56.5
1830,52.2
1830.083333,72.1
1830.166667,84.6
1830.25,106.3
1830.333333,66.3
1830.416667,65.1
1830.5,43.9
1830.583333,50.7
1830.666667,62.1
1830.75,84.4
1830.833333,81.2
1830.916667,82.1
1831,47.5
1831.083333,50.1
1831.166667,93.4
1831.25,54.5
1831.333333,38.1
1831.416667,33.4
1831.5,45.2
1831.583333,55
1831.666667,37.9
1831.75,46.3
1831.833333,43.5
1831.916667,28.9
1832,30.9
1832.083333,55.6
1832.166667,55.1
1832.25,26.9
1832.333333,41.3
1832.416667,26.7
1832.5,14
1832.583333,8.9
1832.666667,8.2
1832.75,21.1
1832.833333,14.3
1832.916667,27.5
1833,11.3
1833.083333,14.9
1833.166667,11.8
1833.25,2.8
1833.333333,12.9
1833.416667,1
1833.5,7
1833.583333,5.7
1833.666667,11.6
1833.75,7.5
1833.833333,5.9
1833.916667,9.9
1834,4.9
1834.083333,18.1
1834.166667,3.9
1834.25,1.4
1834.333333,8.8
1834.416667,7.8
1834.5,8.7
1834.583333,4
1834.666667,11.5
1834.75,24.8
1834.833333,30.5
1834.916667,34.5
1835,7.5
1835.083333,24.5
1835.166667,19.7
1835.25,61.5
1835.333333,43.6
1835.416667,33.2
1835.5,59.8
1835.583333,59
1835.666667,100.8
1835.75,95.2
1835.833333,100
1835.916667,77.5
1836,88.6
1836.083333,107.6
1836.166667,98.2
1836.25,142.9
1836.333333,111.4
1836.416667,124.7
1836.5,116.7
1836.583333,107.8
1836.666667,95.1
1836.75,137.4
1836.833333,120.9
1836.916667,206.2
1837,188
1837.083333,175.6
1837.166667,134.6
1837.25,138.2
1837.333333,111.7
1837.416667,158
1837.5,162.8
1837.583333,134
1837.666667,96.3
1837.75,123.7
1837.833333,107
1837.916667,129.8
1838,144.9
1838.083333,84.8
1838.166667,140.8
1838.25,126.6
1838.333333,137.6
1838.416667,94.5
1838.5,108.2
1838.583333,78.8
1838.666667,73.6
1838.75,90.8
1838.833333,77.4
1838.916667,79.8
1839,105.6
1839.083333,102.5
1839.166667,77.7
1839.25,61.8
1839.333333,53.8
1839.416667,54.6
1839.5,84.8
1839.583333,131.2
1839.666667,132.7
1839.75,90.9
1839.833333,68.8
1839.916667,63.7
1840,81.2
1840.083333,87.7
1840.166667,67.8
1840.25,65.9
1840.333333,69.2
1840.416667,48.5
1840.5,60.7
1840.583333,57.8
1840.666667,74
1840.75,55
1840.833333,54.3
1840.916667,53.7
1841,24.1
1841.083333,29.9
1841.166667,29.7
1841.25,40.2
1841.333333,67.5
1841.416667,55.7
1841.5,30.8
1841.583333,39.3
1841.666667,36.5
1841.75,28.5
1841.833333,19.8
1841.916667,38.8
1842,20.4
1842.083333,22.1
1842.166667,21.7
1842.25,26.9
1842.333333,24.9
1842.416667,20.5
1842.5,12.6
1842.583333,26.6
1842.666667,18.4
1842.75,38.1
1842.833333,40.5
1842.916667,17.6
1843,13.3
1843.083333,3.5
1843.166667,8.3
1843.25,9.5
1843.333333,21.1
1843.416667,10.5
1843.5,9.5
1843.583333,11.8
1843.666667,4.2
1843.75,5.3
1843.833333,19.1
1843.916667,12.7
1844,9.4
1844.083333,14.7
1844.166667,13.6
1844.25,20.8
1844.333333,11.6
1844.416667,3.7
1844.5,21.2
1844.583333,23.9
1844.666667,7
1844.75,21.5
1844.833333,10.7
1844.916667,21.6
1845,25.7
1845.083333,43.6
1845.166667,43.3
1845.25,57
1845.333333,47.8
1845.416667,31.1
1845.5,30.6
1845.583333,32.3
1845.666667,29.6
1845.75,40.7
1845.833333,39.4
1845.916667,59.7
1846,38.7
1846.083333,51
1846.166667,63.9
1846.25,69.3
1846.333333,59.9
1846.416667,65.1
1846.5,46.5
1846.583333,54.8
1846.666667,107.1
1846.75,55.9
1846.833333,60.4
1846.916667,65.5
1847,62.6
1847.083333,44.9
1847.166667,85.7
1847.25,44.7
1847.333333,75.4
1847.416667,85.3
1847.5,52.2
1847.583333,140.6
1847.666667,160.9
1847.75,180.4
1847.833333,138.9
1847.916667,109.6
1848,159.1
1848.083333,111.8
1848.166667,108.6
1848.25,107.1
1848.333333,102.2
1848.416667,129
1848.5,139.2
1848.583333,132.6
1848.666667,100.3
1848.75,132.4
1848.833333,114.6
1848.916667,159.5
1849,157
1849.083333,131.8
1849.166667,96.2
1849.25,102.5
1849.333333,80.6
1849.416667,81.1
1849.5,78
1849.583333,67.7
1849.666667,93.7
1849.75,71.5
1849.833333,99
1849.916667,97
1850,78
1850.083333,89.4
1850.166667,82.6
1850.25,44.1
1850.333333,61.6
1850.416667,70
1850.5,39.1
1850.583333,61.6
1850.666667,86.2
1850.75,71
1850.833333,54.8
1850.916667,61
1851,75.5
1851.083333,105.4
1851.166667,64.6
1851.25,56.5
1851.333333,62.6
1851.416667,63.2
1851.5,36.1
1851.583333,57.4
1851.666667,67.9
1851.75,62.5
1851.833333,51
1851.916667,71.4
1852,68.4
1852.083333,66.4
1852.166667,61.2
1852.25,65.4
1852.333333,54.9
1852.416667,46.9
1852.5,42.1
1852.583333,39.7
1852.666667,37.5
1852.75,67.3
1852.833333,54.3
1852.916667,45.4
1853,41.1
1853.083333,42.9
1853.166667,37.7
1853.25,47.6
1853.333333,34.7
1853.416667,40
1853.5,45.9
1853.583333,50.5
1853.666667,33.5
1853.75,42.4
1853.833333,28.8
1853.916667,23.4
1854,15.4
1854.083333,20
1854.166667,20.7
1854.25,26.5
1854.333333,24
1854.416667,21.1
1854.5,18.7
1854.583333,15.8
1854.666667,22.4
1854.75,12.6
1854.833333,28.2
1854.916667,21.6
1855,12.3
1855.083333,11.4
1855.166667,17.4
1855.25,4.4
1855.333333,9.1
1855.416667,5.3
1855.5,0.4
1855.583333,3.1
1855.666667,0
1855.75,9.6
1855.833333,4.2
1855.916667,3.1
1856,0.5
1856.083333,4.9
1856.166667,0.4
1856.25,6.5
1856.333333,0
1856.416667,5.2
1856.5,4.6
1856.583333,5.9
1856.666667,4.4
1856.75,4.5
1856.833333,7.7
1856.916667,7.2
1857,13.7
1857.083333,7.4
1857.166667,5.2
1857.25,11.1
1857.333333,28.5
1857.416667,16
1857.5,22.2
1857.583333,16.9
1857.666667,42.4
1857.75,40.6
1857.833333,31.4
1857.916667,37.2
1858,39
1858.083333,34.9
1858.166667,57.5
1858.25,38.3
1858.333333,41.4
1858.416667,44.5
1858.5,56.7
1858.583333,55.3
1858.666667,80.1
1858.75,91.2
1858.833333,51.9
1858.916667,66.9
1859,83.7
1859.083333,87.6
1859.166667,90.3
1859.25,85.7
1859.333333,91
1859.416667,87.1
1859.5,95.2
1859.583333,106.8
1859.666667,105.8
1859.75,114.6
1859.833333,97.2
1859.916667,81
1860,82.4
1860.083333,88.3
1860.166667,98.9
1860.25,71.4
1860.333333,107.1
1860.416667,108.6
1860.5,116.7
1860.583333,100.3
1860.666667,92.2
1860.75,90.1
1860.833333,97.9
1860.916667,95.6
1861,62.3
1861.083333,77.7
1861.166667,101
1861.25,98.5
1861.333333,56.8
1861.416667,88.1
1861.5,78
1861.583333,82.5
1861.666667,79.9
1861.75,67.2
1861.833333,53.7
1861.916667,80.5
1862,63.1
1862.083333,64.5
1862.166667,43.6
1862.25,53.7
1862.333333,64.4
1862.416667,84
1862.5,73.4
1862.583333,62.5
1862.666667,66.6
1862.75,41.9
1862.833333,50.6
1862.916667,40.9
1863,48.3
1863.083333,56.7
1863.166667,66.4
1863.25,40.6
1863.333333,53.8
1863.416667,40.8
1863.5,32.7
1863.583333,48.1
1863.666667,22
1863.75,39.9
1863.833333,37.7
1863.916667,41.2
1864,57.7
1864.083333,47.1
1864.166667,66.3
1864.25,35.8
1864.333333,40.6
1864.416667,57.8
1864.5,54.7
1864.583333,54.8
1864.666667,28.5
1864.75,33.9
1864.833333,57.6
1864.916667,28.6
1865,48.7
1865.083333,39.3
1865.166667,39.5
1865.25,29.4
1865.333333,34.5
1865.416667,33.6
1865.5,26.8
1865.583333,37.8
1865.666667,21.6
1865.75,17.1
1865.833333,24.6
1865.916667,12.8
1866,31.6
1866.083333,38.4
1866.166667,24.5
1866.25,17.6
1866.333333,12.9
1866.416667,16.5
1866.5,9.3
1866.583333,12.7
1866.666667,7.3
1866.75,14.1
1866.833333,9
1866.916667,1.5
1867,0
1867.083333,0.7
1867.166667,9.2
1867.25,5.1
1867.333333,2.9
1867.416667,1.5
1867.5,5
1867.583333,4.8
1867.666667,9.8
1867.75,13.5
1867.833333,9.6
1867.916667,25.2
1868,15.5
1868.083333,15.7
1868.166667,26.5
1868.25,36.6
1868.333333,26.7
1868.416667,31.1
1868.5,29
1868.583333,34.4
1868.666667,47.2
1868.75,61.6
1868.833333,59.1
1868.916667,67.6
1869,60.9
1869.083333,59.9
1869.166667,52.7
1869.25,41
1869.333333,103.9
1869.416667,108.4
1869.5,59.2
1869.583333,79.6
1869.666667,80.6
1869.75,59.3
1869.833333,78.1
1869.916667,104.4
1870,77.3
1870.083333,114.9
1870.166667,157.5
1870.25,160
1870.333333,176
1870.416667,135.6
1870.5,132.4
1870.583333,153.8
1870.666667,136
1870.75,146.4
1870.833333,147.5
1870.916667,130
1871,88.3
1871.083333,125.3
1871.166667,143.2
1871.25,162.4
1871.333333,145.5
1871.416667,91.7
1871.5,103
1871.583333,110.1
1871.666667,80.3
1871.75,89
1871.833333,105.4
1871.916667,90.4
1872,79.5
1872.083333,120.1
1872.166667,88.4
1872.25,102.1
1872.333333,107.6
1872.416667,109.9
1872.5,105.5
1872.583333,92.9
1872.666667,114.6
1872.75,102.6
1872.833333,112
1872.916667,83.9
1873,86.7
1873.083333,107
1873.166667,98.3
1873.25,76.2
1873.333333,47.9
1873.416667,44.8
1873.5,66.9
1873.583333,68.2
1873.666667,47.1
1873.75,47.1
1873.833333,55.4
1873.916667,49.2
1874,60.8
1874.083333,64.2
1874.166667,46.4
1874.25,32
1874.333333,44.6
1874.416667,38.2
1874.5,67.8
1874.583333,61.3
1874.666667,28
1874.75,34.3
1874.833333,28.9
1874.916667,29.3
1875,14.6
1875.083333,21.5
1875.166667,33.8
1875.25,29.1
1875.333333,11.5
1875.416667,23.9
1875.5,12.5
1875.583333,14.6
1875.666667,2.4
1875.75,12.7
1875.833333,17.7
1875.916667,9.9
1876,14.3
1876.083333,15
1876.166667,30.6
1876.25,2.3
1876.333333,5.1
1876.416667,1.6
1876.5,15.2
1876.583333,8.8
1876.666667,9.9
1876.75,14.3
1876.833333,9.9
1876.916667,8.2
1877,24.4
1877.083333,8.7
1877.166667,11.9
1877.25,15.8
1877.333333,21.6
1877.416667,14.2
1877.5,6
1877.583333,6.3
1877.666667,16.9
1877.75,6.7
1877.833333,14.2
1877.916667,2.2
1878,3.3
1878.083333,6.6
1878.166667,7.8
1878.25,0.1
1878.333333,5.9
1878.416667,6.4
1878.5,0.1
1878.583333,0
1878.666667,5.3
1878.75,1.1
1878.833333,4.1
1878.916667,0.5
1879,1
1879.083333,0.6
1879.166667,0
1879.25,6.2
1879.333333,2.4
1879.416667,4.8
1879.5,7.5
1879.583333,10.7
1879.666667,6.1
1879.75,12.3
1879.833333,13.1
1879.916667,7.3
1880,24
1880.083333,27.2
1880.166667,19.3
1880.25,19.5
1880.333333,23.5
1880.416667,34.1
1880.5,21.9
1880.583333,48.1
1880.666667,66
1880.75,43
1880.833333,30.7
1880.916667,29.6
1881,36.4
1881.083333,53.2
1881.166667,51.5
1881.25,51.6
1881.333333,43.5
1881.416667,60.5
1881.5,76.9
1881.583333,58.4
1881.666667,53.2
1881.75,64.4
1881.833333,54.8
1881.916667,47.3
1882,45
1882.083333,69.5
1882.166667,66.8
1882.25,95.8
1882.333333,64.1
1882.416667,45.2
1882.5,45.4
1882.583333,40.4
1882.666667,57.7
1882.75,59.2
1882.833333,84.4
1882.916667,41.8
1883,60.6
1883.083333,46.9
1883.166667,42.8
1883.25,82.1
1883.333333,31.5
1883.416667,76.3
1883.5,80.6
1883.583333,46
1883.666667,52.6
1883.75,83.8
1883.833333,84.5
1883.916667,75.9
1884,91.5
1884.083333,86.9
1884.166667,87.5
1884.25,76.1
1884.333333,66.5
1884.416667,51.2
1884.5,53.1
1884.583333,55.8
1884.666667,61.9
1884.75,47.8
1884.833333,36.6
1884.916667,47.2
1885,42.8
1885.083333,71.8
1885.166667,49.8
1885.25,55
1885.333333,73
1885.416667,83.7
1885.5,66.5
1885.583333,50
1885.666667,39.6
1885.75,38.7
1885.833333,30.9
1885.916667,21.7
1886,29.9
1886.083333,25.9
1886.166667,57.3
1886.25,43.7
1886.333333,30.7
1886.416667,27.1
1886.5,30.3
1886.583333,16.9
1886.666667,21.4
1886.75,8.6
1886.833333,0.3
1886.916667,13
1887,10.3
1887.083333,13.2
1887.166667,4.2
1887.25,6.9
1887.333333,20
1887.416667,15.7
1887.5,23.4
1887.583333,21.4
1887.666667,7.4
1887.75,6.6
1887.833333,6.9
1887.916667,20.7
1888,12.7
1888.083333,7.1
1888.166667,7.8
1888.25,5.1
1888.333333,7
1888.416667,7.1
1888.5,3.1
1888.583333,2.8
1888.666667,8.8
1888.75,2.1
1888.833333,10.7
1888.916667,6.7
1889,0.8
1889.083333,8.5
1889.166667,6.7
1889.25,4.3
1889.333333,2.4
1889.416667,6.4
1889.5,9.4
1889.583333,20.6
1889.666667,6.5
1889.75,2.1
1889.833333,0.2
1889.916667,6.7
1890,5.3
1890.083333,0.6
1890.166667,5.1
1890.25,1.6
1890.333333,4.8
1890.416667,1.3
1890.5,11.6
1890.583333,8.5
1890.666667,17.2
1890.75,11.2
1890.833333,9.6
1890.916667,7.8
1891,13.5
1891.083333,22.2
1891.166667,10.4
1891.25,20.5
1891.333333,41.1
1891.416667,48.3
1891.5,58.8
1891.583333,33
1891.666667,53.8
1891.75,51.5
1891.833333,41.9
1891.916667,32.5
1892,69.1
1892.083333,75.6
1892.166667,49.9
1892.25,69.6
1892.333333,79.6
1892.416667,76.3
1892.5,76.5
1892.583333,101.4
1892.666667,62.8
1892.75,70.5
1892.833333,65.4
1892.916667,78.6
1893,75
1893.083333,73
1893.166667,65.7
1893.25,88.1
1893.333333,84.7
1893.416667,89.9
1893.5,88.6
1893.583333,129.2
1893.666667,77.9
1893.75,80
1893.833333,75.1
1893.916667,93.8
1894,83.2
1894.083333,84.6
1894.166667,52.3
1894.25,81.6
1894.333333,101.2
1894.416667,98.9
1894.5,106
1894.583333,70.3
1894.666667,65.9
1894.75,75.5
1894.833333,56.6
1894.916667,60
1895,63.3
1895.083333,67.2
1895.166667,61
1895.25,76.9
1895.333333,67.5
1895.416667,71.5
1895.5,47.8
1895.583333,68.9
1895.666667,57.7
1895.75,67.9
1895.833333,47.2
1895.916667,70.7
1896,29
1896.083333,57.4
1896.166667,52
1896.25,43.8
1896.333333,27.7
1896.416667,49
1896.5,45
1896.583333,27.2
1896.666667,61.3
1896.75,28.7
1896.833333,38
1896.916667,42.6
1897,40.6
1897.083333,29.4
1897.166667,29.1
1897.25,31
1897.333333,20
1897.416667,11.3
1897.5,27.6
1897.583333,21.8
1897.666667,48.1
1897.75,14.3
1897.833333,8.4
1897.916667,33.3
1898,30.2
1898.083333,36.4
1898.166667,38.3
1898.25,14.5
1898.333333,25.8
1898.416667,22.3
1898.5,9
1898.583333,31.4
1898.666667,34.8
1898.75,34.4
1898.833333,30.9
1898.916667,12.6
1899,19.5
1899.083333,9.2
1899.166667,18.1
1899.25,14.2
1899.333333,7.7
1899.416667,20.5
1899.5,13.5
1899.583333,2.9
1899.666667,8.4
1899.75,13
1899.833333,7.8
1899.916667,10.5
1900,9.4
1900.083333,13.6
1900.166667,8.6
1900.25,16
1900.333333,15.2
1900.416667,12.1
1900.5,8.3
1900.583333,4.3
1900.666667,8.3
1900.75,12.9
1900.833333,4.5
1900.916667,0.3
1901,0.2
1901.083333,2.4
1901.166667,4.5
1901.25,0
1901.333333,10.2
1901.416667,5.8
1901.5,0.7
1901.583333,1
1901.666667,0.6
1901.75,3.7
1901.833333,3.8
1901.916667,0
1902,5.5
1902.083333,0
1902.166667,12.4
1902.25,0
1902.333333,2.8
1902.416667,1.4
1902.5,0.9
1902.583333,2.3
1902.666667,7.6
1902.75,16.3
1902.833333,10.3
1902.916667,1.1
1903,8.3
1903.083333,17
1903.166667,13.5
1903.25,26.1
1903.333333,14.6
1903.416667,16.3
1903.5,27.9
1903.583333,28.8
1903.666667,11.1
1903.75,38.9
1903.833333,44.5
1903.916667,45.6
1904,31.6
1904.083333,24.5
1904.166667,37.2
1904.25,43
1904.333333,39.5
1904.416667,41.9
1904.5,50.6
1904.583333,58.2
1904.666667,30.1
1904.75,54.2
1904.833333,38
1904.916667,54.6
1905,54.8
1905.083333,85.8
1905.166667,56.5
1905.25,39.3
1905.333333,48
1905.416667,49
1905.5,73
1905.583333,58.8
1905.666667,55
1905.75,78.7
1905.833333,107.2
1905.916667,55.5
1906,45.5
1906.083333,31.3
1906.166667,64.5
1906.25,55.3
1906.333333,57.7
1906.416667,63.2
1906.5,103.6
1906.583333,47.7
1906.666667,56.1
1906.75,17.8
1906.833333,38.9
1906.916667,64.7
1907,76.4
1907.083333,108.2
1907.166667,60.7
1907.25,52.6
1907.333333,42.9
1907.416667,40.4
1907.5,49.7
1907.583333,54.3
1907.666667,85
1907.75,65.4
1907.833333,61.5
1907.916667,47.3
1908,39.2
1908.083333,33.9
1908.166667,28.7
1908.25,57.6
1908.333333,40.8
1908.416667,48.1
1908.5,39.5
1908.583333,90.5
1908.666667,86.9
1908.75,32.3
1908.833333,45.5
1908.916667,39.5
1909,56.7
1909.083333,46.6
1909.166667,66.3
1909.25,32.3
1909.333333,36
1909.416667,22.6
1909.5,35.8
1909.583333,23.1
1909.666667,38.8
1909.75,58.4
1909.833333,55.8
1909.916667,54.2
1910,26.4
1910.083333,31.5
1910.166667,21.4
1910.25,8.4
1910.333333,22.2
1910.416667,12.3
1910.5,14.1
1910.583333,11.5
1910.666667,26.2
1910.75,38.3
1910.833333,4.9
1910.916667,5.8
1911,3.4
1911.083333,9
1911.166667,7.8
1911.25,16.5
1911.333333,9
1911.416667,2.2
1911.5,3.5
1911.583333,4
1911.666667,4
1911.75,2.6
1911.833333,4.2
1911.916667,2.2
1912,0.3
1912.083333,0
1912.166667,4.9
1912.25,4.5
1912.333333,4.4
1912.416667,4.1
1912.5,3
1912.583333,0.3
1912.666667,9.5
1912.75,4.6
1912.833333,1.1
1912.916667,6.4
1913,2.3
1913.083333,2.9
1913.166667,0.5
1913.25,0.9
1913.333333,0
1913.416667,0
1913.5,1.7
1913.583333,0.2
1913.666667,1.2
1913.75,3.1
1913.833333,0.7
1913.916667,3.8
1914,2.8
1914.083333,2.6
1914.166667,3.1
1914.25,17.3
1914.333333,5.2
1914.416667,11.4
1914.5,5.4
1914.583333,7.7
1914.666667,12.7
1914.75,8.2
1914.833333,16.4
1914.916667,22.3
1915,23
1915.083333,42.3
1915.166667,38.8
1915.25,41.3
1915.333333,33
1915.416667,68.8
1915.5,71.6
1915.583333,69.6
1915.666667,49.5
1915.75,53.5
1915.833333,42.5
1915.916667,34.5
1916,45.3
1916.083333,55.4
1916.166667,67
1916.25,71.8
1916.333333,74.5
1916.416667,67.7
1916.5,53.5
1916.583333,35.2
1916.666667,45.1
1916.75,50.7
1916.833333,65.6
1916.916667,53
1917,74.7
1917.083333,71.9
1917.166667,94.8
1917.25,74.7
1917.333333,114.1
1917.416667,114.9
1917.5,119.8
1917.583333,154.5
1917.666667,129.4
1917.75,72.2
1917.833333,96.4
1917.916667,129.3
1918,96
1918.083333,65.3
1918.166667,72.2
1918.25,80.5
1918.333333,76.7
1918.416667,59.4
1918.5,107.6
1918.583333,101.7
1918.666667,79.9
1918.75,85
1918.833333,83.4
1918.916667,59.2
1919,48.1
1919.083333,79.5
1919.166667,66.5
1919.25,51.8
1919.333333,88.1
1919.416667,111.2
1919.5,64.7
1919.583333,69
1919.666667,54.7
1919.75,52.8
1919.833333,42
1919.916667,34.9
1920,51.1
1920.083333,53.9
1920.166667,70.2
1920.25,14.8
1920.333333,33.3
1920.416667,38.7
1920.5,27.5
1920.583333,19.2
1920.666667,36.3
1920.75,49.6
1920.833333,27.2
1920.916667,29.9
1921,31.5
1921.083333,28.3
1921.166667,26.7
1921.25,32.4
1921.333333,22.2
1921.416667,33.7
1921.5,41.9
1921.583333,22.8
1921.666667,17.8
1921.75,18.2
1921.833333,17.8
1921.916667,20.3
1922,11.8
1922.083333,26.4
1922.166667,54.7
1922.25,11
1922.333333,8
1922.416667,5.8
1922.5,10.9
1922.583333,6.5
1922.666667,4.7
1922.75,6.2
1922.833333,7.4
1922.916667,17.5
1923,4.5
1923.083333,1.5
1923.166667,3.3
1923.25,6.1
1923.333333,3.2
1923.416667,9.1
1923.5,3.5
1923.583333,0.5
1923.666667,13.2
1923.75,11.6
1923.833333,10
1923.916667,2.8
1924,0.5
1924.083333,5.1
1924.166667,1.8
1924.25,11.3
1924.333333,20.8
1924.416667,24
1924.5,28.1
1924.583333,19.3
1924.666667,25.1
1924.75,25.6
1924.833333,22.5
1924.916667,16.5
1925,5.5
1925.083333,23.2
1925.166667,18
1925.25,31.7
1925.333333,42.8
1925.416667,47.5
1925.5,38.5
1925.583333,37.9
1925.666667,60.2
1925.75,69.2
1925.833333,58.6
1925.916667,98.6
1926,71.8
1926.083333,69.9
1926.166667,62.5
1926.25,38.5
1926.333333,64.3
1926.416667,73.5
1926.5,52.3
1926.583333,61.6
1926.666667,60.8
1926.75,71.5
1926.833333,60.5
1926.916667,79.4
1927,81.6
1927.083333,93
1927.166667,69.6
1927.25,93.5
1927.333333,79.1
1927.416667,59.1
1927.5,54.9
1927.583333,53.8
1927.666667,68.4
1927.75,63.1
1927.833333,67.2
1927.916667,45.2
1928,83.5
1928.083333,73.5
1928.166667,85.5
1928.25,80.6
1928.333333,77
1928.416667,91.4
1928.5,98
1928.583333,83.8
1928.666667,89.7
1928.75,61.4
1928.833333,50.3
1928.916667,59
1929,68.9
1929.083333,62.8
1929.166667,50.2
1929.25,52.8
1929.333333,58.2
1929.416667,71.9
1929.5,70.2
1929.583333,65.8
1929.666667,34.4
1929.75,54
1929.833333,81.1
1929.916667,108
1930,65.3
1930.083333,49.9
1930.166667,35
1930.25,38.2
1930.333333,36.8
1930.416667,28.8
1930.5,21.9
1930.583333,24.9
1930.666667,32.1
1930.75,34.4
1930.833333,35.6
1930.916667,25.8
1931,14.6
1931.083333,43.1
1931.166667,30
1931.25,31.2
1931.333333,24.6
1931.416667,15.3
1931.5,17.4
1931.583333,13
1931.666667,19
1931.75,10
1931.833333,18.7
1931.916667,17.8
1932,12.1
1932.083333,10.6
1932.166667,11.2
1932.25,11.2
1932.333333,17.9
1932.416667,22.2
1932.5,9.6
1932.583333,6.8
1932.666667,4
1932.75,8.9
1932.833333,8.2
1932.916667,11
1933,12.3
1933.083333,22.2
1933.166667,10.1
1933.25,2.9
1933.333333,3.2
1933.416667,5.2
1933.5,2.8
1933.583333,0.2
1933.666667,5.1
1933.75,3
1933.833333,0.6
1933.916667,0.3
1934,3.4
1934.083333,7.8
1934.166667,4.3
1934.25,11.3
1934.333333,19.7
1934.416667,6.7
1934.5,9.3
1934.583333,8.3
1934.666667,4
1934.75,5.7
1934.833333,8.7
1934.916667,15.4
1935,18.6
1935.083333,20.5
1935.166667,23.1
1935.25,12.2
1935.333333,27.3
1935.416667,45.7
1935.5,33.9
1935.583333,30.1
1935.666667,42.1
1935.75,53.2
1935.833333,64.2
1935.916667,61.5
1936,62.8
1936.083333,74.3
1936.166667,77.1
1936.25,74.9
1936.333333,54.6
1936.416667,70
1936.5,52.3
1936.583333,87
1936.666667,76
1936.75,89
1936.833333,115.4
1936.916667,123.4
1937,132.5
1937.083333,128.5
1937.166667,83.9
1937.25,109.3
1937.333333,116.7
1937.416667,130.3
1937.5,145.1
1937.583333,137.7
1937.666667,100.7
1937.75,124.9
1937.833333,74.4
1937.916667,88.8
1938,98.4
1938.083333,119.2
1938.166667,86.5
1938.25,101
1938.333333,127.4
1938.416667,97.5
1938.5,165.3
1938.583333,115.7
1938.666667,89.6
1938.75,99.1
1938.833333,122.2
1938.916667,92.7
1939,80.3
1939.083333,77.4
1939.166667,64.6
1939.25,109.1
1939.333333,118.3
1939.416667,101
1939.5,97.6
1939.583333,105.8
1939.666667,112.6
1939.75,88.1
1939.833333,68.1
1939.916667,42.1
1940,50.5
1940.083333,59.4
1940.166667,83.3
1940.25,60.7
1940.333333,54.4
1940.416667,83.9
1940.5,67.5
1940.583333,105.5
1940.666667,66.5
1940.75,55
1940.833333,58.4
1940.916667,68.3
1941,45.6
1941.083333,44.5
1941.166667,46.4
1941.25,32.8
1941.333333,29.5
1941.416667,59.8
1941.5,66.9
1941.583333,60
1941.666667,65.9
1941.75,46.3
1941.833333,38.4
1941.916667,33.7
1942,35.6
1942.083333,52.8
1942.166667,54.2
1942.25,60.7
1942.333333,25
1942.416667,11.4
1942.5,17.7
1942.583333,20.2
1942.666667,17.2
1942.75,19.2
1942.833333,30.7
1942.916667,22.5
1943,12.5
1943.083333,28.9
1943.166667,27.4
1943.25,26.1
1943.333333,14.1
1943.416667,7.6
1943.5,13.2
1943.583333,19.4
1943.666667,10
1943.75,7.8
1943.833333,10.2
1943.916667,18.8
1944,3.7
1944.083333,0.5
1944.166667,11
1944.25,0.3
1944.333333,2.5
1944.416667,5
1944.5,5
1944.583333,16.7
1944.666667,14.3
1944.75,16.9
1944.833333,10.8
1944.916667,28.4
1945,18.5
1945.083333,12.7
1945.166667,21.5
1945.25,32
1945.333333,30.6
1945.416667,36.2
1945.5,42.6
1945.583333,25.9
1945.666667,34.9
1945.75,68.8
1945.833333,46
1945.916667,27.4
1946,47.6
1946.083333,86.2
1946.166667,76.6
1946.25,75.7
1946.333333,84.9
1946.416667,73.5
1946.5,116.2
1946.583333,107.2
1946.666667,94.4
1946.75,102.3
1946.833333,123.8
1946.916667,121.7
1947,115.7
1947.083333,133.4
1947.166667,129.8
1947.25,149.8
1947.333333,201.3
1947.416667,163.9
1947.5,157.9
1947.583333,188.8
1947.666667,169.4
1947.75,163.6
1947.833333,128
1947.916667,116.5
1948,108.5
1948.083333,86.1
1948.166667,94.8
1948.25,189.7
1948.333333,174
1948.416667,167.8
1948.5,142.2
1948.583333,157.9
1948.666667,143.3
1948.75,136.3
1948.833333,95.8
1948.916667,138
1949,119.1
1949.083333,182.3
1949.166667,157.5
1949.25,147
1949.333333,106.2
1949.416667,121.7
1949.5,125.8
1949.583333,123.8
1949.666667,145.3
1949.75,131.6
1949.833333,143.5
1949.916667,117.6
1950,101.6
1950.083333,94.8
1950.166667,109.7
1950.25,113.4
1950.333333,106.2
1950.416667,83.6
1950.5,91
1950.583333,85.2
1950.666667,51.3
1950.75,61.4
1950.833333,54.8
1950.916667,54.1
1951,59.9
1951.083333,59.9
1951.166667,55.9
1951.25,92.9
1951.333333,108.5
1951.416667,100.6
1951.5,61.5
1951.583333,61
1951.666667,83.1
1951.75,51.6
1951.833333,52.4
1951.916667,45.8
1952,40.7
1952.083333,22.7
1952.166667,22
1952.25,29.1
1952.333333,23.4
1952.416667,36.4
1952.5,39.3
1952.583333,54.9
1952.666667,28.2
1952.75,23.8
1952.833333,22.1
1952.916667,34.3
1953,26.5
1953.083333,3.9
1953.166667,10
1953.25,27.8
1953.333333,12.5
1953.416667,21.8
1953.5,8.6
1953.583333,23.5
1953.666667,19.3
1953.75,8.2
1953.833333,1.6
1953.916667,2.5
1954,0.2
1954.083333,0.5
1954.166667,10.9
1954.25,1.8
1954.333333,0.8
1954.416667,0.2
1954.5,4.8
1954.583333,8.4
1954.666667,1.5
1954.75,7
1954.833333,9.2
1954.916667,7.6
1955,23.1
1955.083333,20.8
1955.166667,4.9
1955.25,11.3
1955.333333,28.9
1955.416667,31.7
1955.5,26.7
1955.583333,40.7
1955.666667,42.7
1955.75,58.5
1955.833333,89.2
1955.916667,76.9
1956,73.6
1956.083333,124
1956.166667,118.4
1956.25,110.7
1956.333333,136.6
1956.416667,116.6
1956.5,129.1
1956.583333,169.6
1956.666667,173.2
1956.75,155.3
1956.833333,201.3
1956.916667,192.1
1957,165
1957.083333,130.3
1957.166667,157.4
1957.25,175.2
1957.333333,164.6
1957.416667,200.7
1957.5,187.2
1957.583333,158
1957.666667,235.8
1957.75,253.8
1957.833333,210.9
1957.916667,239.4
1958,202.5
1958.083333,164.9
1958.166667,190.7
1958.25,196
1958.333333,175.3
1958.416667,171.5
1958.5,191.4
1958.583333,200.2
1958.666667,201.2
1958.75,181.5
1958.833333,152.3
1958.916667,187.6
1959,217.4
1959.083333,143.1
1959.166667,185.7
1959.25,163.3
1959.333333,172
1959.416667,168.7
1959.5,149.6
1959.583333,199.6
1959.666667,145.2
1959.75,111.4
1959.833333,124
1959.916667,125
1960,146.3
1960.083333,106
1960.166667,102.2
1960.25,122
1960.333333,119.6
1960.416667,110.2
1960.5,121.7
1960.583333,134.1
1960.666667,127.2
1960.75,82.8
1960.833333,89.6
1960.916667,85.6
1961,57.9
1961.083333,46.1
1961.166667,53
1961.25,61.4
1961.333333,51
1961.416667,77.4
1961.5,70.2
1961.583333,55.8
1961.666667,63.6
1961.75,37.7
1961.833333,32.6
1961.916667,39.9
1962,38.7
1962.083333,50.3
1962.166667,45.6
1962.25,46.4
1962.333333,43.7
1962.416667,42
1962.5,21.8
1962.583333,21.8
1962.666667,51.3
1962.75,39.5
1962.833333,26.9
1962.916667,23.2
1963,19.8
1963.083333,24.4
1963.166667,17.1
1963.25,29.3
1963.333333,43
1963.416667,35.9
1963.5,19.6
1963.583333,33.2
1963.666667,38.8
1963.75,35.3
1963.833333,23.4
1963.916667,14.9
1964,15.3
1964.083333,17.7
1964.166667,16.5
1964.25,8.6
1964.333333,9.5
1964.416667,9.1
1964.5,3.1
1964.583333,9.3
1964.666667,4.7
1964.75,6.1
1964.833333,7.4
1964.916667,15.1
1965,17.5
1965.083333,14.3
1965.166667,11.7
1965.25,6.8
1965.333333,24.1
1965.416667,15.9
1965.5,11.9
1965.583333,8.9
1965.666667,16.8
1965.75,20.1
1965.833333,15.8
1965.916667,17
1966,28.2
1966.083333,24.4
1966.166667,25.3
1966.25,48.7
1966.333333,45.3
1966.416667,47.7
1966.5,56.7
1966.583333,51.2
1966.666667,50.2
1966.75,57.2
1966.833333,57.2
1966.916667,70.4
1967,110.9
1967.083333,93.6
1967.166667,111.8
1967.25,69.5
1967.333333,86.5
1967.416667,67.3
1967.5,91.5
1967.583333,107.2
1967.666667,76.8
1967.75,88.2
1967.833333,94.3
1967.916667,126.4
1968,121.8
1968.083333,111.9
1968.166667,92.2
1968.25,81.2
1968.333333,127.2
1968.416667,110.3
1968.5,96.1
1968.583333,109.3
1968.666667,117.2
1968.75,107.7
1968.833333,86
1968.916667,109.8
1969,104.4
1969.083333,120.5
1969.166667,135.8
1969.25,106.8
1969.333333,120
1969.416667,106
1969.5,96.8
1969.583333,98
1969.666667,91.3
1969.75,95.7
1969.833333,93.5
1969.916667,97.9
1970,111.5
1970.083333,127.8
1970.166667,102.9
1970.25,109.5
1970.333333,127.5
1970.416667,106.8
1970.5,112.5
1970.583333,93
1970.666667,99.5
1970.75,86.6
1970.833333,95.2
1970.916667,83.5
1971,91.3
1971.083333,79
1971.166667,60.7
1971.25,71.8
1971.333333,57.5
1971.416667,49.8
1971.5,81
1971.583333,61.4
1971.666667,50.2
1971.75,51.7
1971.833333,63.2
1971.916667,82.2
1972,61.5
1972.083333,88.4
1972.166667,80.1
1972.25,63.2
1972.333333,80.5
1972.416667,88
1972.5,76.5
1972.583333,76.8
1972.666667,64
1972.75,61.3
1972.833333,41.6
1972.916667,45.3
1973,43.4
1973.083333,42.9
1973.166667,46
1973.25,57.7
1973.333333,42.4
1973.416667,39.5
1973.5,23.1
1973.583333,25.6
1973.666667,59.3
1973.75,30.7
1973.833333,23.9
1973.916667,23.3
1974,27.6
1974.083333,26
1974.166667,21.3
1974.25,40.3
1974.333333,39.5
1974.416667,36
1974.5,55.8
1974.583333,33.6
1974.666667,40.2
1974.75,47.1
1974.833333,25
1974.916667,20.5
1975,18.9
1975.083333,11.5
1975.166667,11.5
1975.25,5.1
1975.333333,9
1975.416667,11.4
1975.5,28.2
1975.583333,39.7
1975.666667,13.9
1975.75,9.1
1975.833333,19.4
1975.916667,7.8
1976,8.1
1976.083333,4.3
1976.166667,21.9
1976.25,18.8
1976.333333,12.4
1976.416667,12.2
1976.5,1.9
1976.583333,16.4
1976.666667,13.5
1976.75,20.6
1976.833333,5.2
1976.916667,15.3
1977,16.4
1977.083333,23.1
1977.166667,8.7
1977.25,12.9
1977.333333,18.6
1977.416667,38.5
1977.5,21.4
1977.583333,30.1
1977.666667,44
1977.75,43.8
1977.833333,29.1
1977.916667,43.2
1978,51.9
1978.083333,93.6
1978.166667,76.5
1978.25,99.7
1978.333333,82.7
1978.416667,95.1
1978.5,70.4
1978.583333,58.1
1978.666667,138.2
1978.75,125.1
1978.833333,97.9
1978.916667,122.7
1979,166.6
1979.083333,137.5
1979.166667,138
1979.25,101.5
1979.333333,134.4
1979.416667,149.5
1979.5,159.4
1979.583333,142.2
1979.666667,188.4
1979.75,186.2
1979.833333,183.3
1979.916667,176.3
1980,159.6
1980.083333,155
1980.166667,126.2
1980.25,164.1
1980.333333,179.9
1980.416667,157.3
1980.5,136.3
1980.583333,135.4
1980.666667,155
1980.75,164.7
1980.833333,147.9
1980.916667,174.4
1981,114
1981.083333,141.3
1981.166667,135.5
1981.25,156.4
1981.333333,127.5
1981.416667,90.9
1981.5,143.8
1981.583333,158.7
1981.666667,167.3
1981.75,162.4
1981.833333,137.5
1981.916667,150.1
1982,111.2
1982.083333,163.6
1982.166667,153.8
1982.25,122
1982.333333,82.2
1982.416667,110.4
1982.5,106.1
1982.583333,107.6
1982.666667,118.8
1982.75,94.7
1982.833333,98.1
1982.916667,127
1983,84.3
1983.083333,51
1983.166667,66.5
1983.25,80.7
1983.333333,99.2
1983.416667,91.1
1983.5,82.2
1983.583333,71.8
1983.666667,50.3
1983.75,55.8
1983.833333,33.4
1983.916667,33.4
1984,57
1984.083333,85.4
1984.166667,83.5
1984.25,69.7
1984.333333,76.4
1984.416667,46.1
1984.5,37.4
1984.583333,25.5
1984.666667,15.7
1984.75,12
1984.833333,22.8
1984.916667,18.7
1985,16.5
1985.083333,15.9
1985.166667,17.2
1985.25,16.2
1985.333333,27.5
1985.416667,24.2
1985.5,30.7
1985.583333,11.1
1985.666667,3.9
1985.75,18.6
1985.833333,16.2
1985.916667,17.3
1986,2.5
1986.083333,23.2
1986.166667,15.1
1986.25,18.5
1986.333333,13.7
1986.416667,1.1
1986.5,18.1
1986.583333,7.4
1986.666667,3.8
1986.75,35.4
1986.833333,15.2
1986.916667,6.8
1987,10.4
1987.083333,2.4
1987.166667,14.7
1987.25,39.6
1987.333333,33
1987.416667,17.4
1987.5,33
1987.583333,38.7
1987.666667,33.9
1987.75,60.6
1987.833333,39.9
1987.916667,27.1
1988,59
1988.083333,40
1988.166667,76.2
1988.25,88
1988.333333,60.1
1988.416667,101.8
1988.5,113.8
1988.583333,111.6
1988.666667,120.1
1988.75,125.1
1988.833333,125.1
1988.916667,179.2
1989,161.3
1989.083333,165.1
1989.166667,131.4
1989.25,130.6
1989.333333,138.5
1989.416667,196.2
1989.5,126.9
1989.583333,168.9
1989.666667,176.7
1989.75,159.4
1989.833333,173
1989.916667,165.5
1990,177.3
1990.083333,130.5
1990.166667,140.3
1990.25,140.3
1990.333333,132.2
1990.416667,105.4
1990.5,149.4
1990.583333,200.3
1990.666667,125.2
1990.75,145.5
1990.833333,131.4
1990.916667,129.7
1991,136.9
1991.083333,167.5
1991.166667,141.9
1991.25,140
1991.333333,121.3
1991.416667,169.7
1991.5,173.7
1991.583333,176.3
1991.666667,125.3
1991.75,144.1
1991.833333,108.2
1991.916667,144.4
1992,150
1992.083333,161.1
1992.166667,106.7
1992.25,99.8
1992.333333,73.8
1992.416667,65.2
1992.5,85.7
1992.583333,64.5
1992.666667,63.9
1992.75,88.7
1992.833333,91.8
1992.916667,82.6
1993,59.3
1993.083333,91
1993.166667,69.8
1993.25,62.2
1993.333333,61.3
1993.416667,49.8
1993.5,57.9
1993.583333,42.2
1993.666667,22.4
1993.75,56.4
1993.833333,35.6
1993.916667,48.9
1994,57.8
1994.083333,35.5
1994.166667,31.7
1994.25,16.1
1994.333333,17.8
1994.416667,28
1994.5,35.1
1994.583333,22.5
1994.666667,25.7
1994.75,44
1994.833333,18
1994.916667,26.2
1995,24.2
1995.083333,29.9
1995.166667,31.1
1995.25,14
1995.333333,14.5
1995.416667,15.6
1995.5,14.5
1995.583333,14.3
1995.666667,11.8
1995.75,21.1
1995.833333,9
1995.916667,10
1996,11.5
1996.083333,4.4
1996.166667,9.2
1996.25,4.8
1996.333333,5.5
1996.416667,11.8
1996.5,8.2
1996.583333,14.4
1996.666667,1.6
1996.75,0.9
1996.833333,17.9
1996.916667,13.3
1997,5.7
1997.083333,7.6
1997.166667,8.7
1997.25,15.5
1997.333333,18.5
1997.416667,12.7
1997.5,10.4
1997.583333,24.4
1997.666667,51.3
1997.75,22.8
1997.833333,39
1997.916667,41.2
1998,31.9
1998.083333,40.3
1998.166667,54.8
1998.25,53.4
1998.333333,56.3
1998.416667,70.7
1998.5,66.6
1998.583333,92.2
1998.666667,92.9
1998.75,55.5
1998.833333,74
1998.916667,81.9
1999,62
1999.083333,66.3
1999.166667,68.8
1999.25,63.7
1999.333333,106.4
1999.416667,137.7
1999.5,113.5
1999.583333,93.7
1999.666667,71.5
1999.75,116.7
1999.833333,133.2
1999.916667,84.6
2000,90.1
2000.083333,112.9
2000.166667,138.5
2000.25,125.5
2000.333333,121.6
2000.416667,124.9
2000.5,170.1
2000.583333,130.5
2000.666667,109.7
2000.75,99.4
2000.833333,106.8
2000.916667,104.4
2001,95.6
2001.083333,80.6
2001.166667,113.5
2001.25,107.7
2001.333333,96.6
2001.416667,134
2001.5,81.8
2001.583333,106.4
2001.666667,150.7
2001.75,125.5
2001.833333,106.5
2001.916667,132.2
2002,114.1
2002.083333,107.4
2002.166667,98.4
2002.25,120.7
2002.333333,120.8
2002.416667,88.3
2002.5,99.6
2002.583333,116.4
2002.666667,109.6
2002.75,97.5
2002.833333,95.5
2002.916667,80.8
2003,79.7
2003.083333,46
2003.166667,61.1
2003.25,60
2003.333333,54.6
2003.416667,77.4
2003.5,83.3
2003.583333,72.7
2003.666667,48.7
2003.75,65.5
2003.833333,67.3
2003.916667,46.5
2004,37.3
2004.083333,45.8
2004.166667,49.1
2004.25,39.3
2004.333333,41.5
2004.416667,43.2
2004.5,51.1
2004.583333,40.9
2004.666667,27.7
2004.75,48
2004.833333,43.5
2004.916667,17.9
2005,31.3
2005.083333,29.2
2005.166667,24.5
2005.25,24.2
2005.333333,42.7
2005.416667,39.3
2005.5,40.1
2005.583333,36.4
2005.666667,21.9
2005.75,8.7
2005.833333,18
2005.916667,41.1
2006,15.3
2006.083333,4.9
2006.166667,10.6
2006.25,30.2
2006.333333,22.3
2006.416667,13.9
2006.5,12.2
2006.583333,12.9
2006.666667,14.4
2006.75,10.5
2006.833333,21.4
2006.916667,13.6
2007,16.8
2007.083333,10.7
2007.166667,4.5
2007.25,3.4
2007.333333,11.7
2007.416667,12.1
2007.5,9.7
2007.583333,6
2007.666667,2.4
2007.75,0.9
2007.833333,1.7
2007.916667,10.1
2008,3.3
2008.083333,2.1
2008.166667,9.3
2008.25,2.9
2008.333333,3.2
2008.416667,3.4
2008.5,0.8
2008.583333,0.5
2008.666667,1.1
2008.75,2.9
2008.833333,4.1
2008.916667,0.8
2009,1.3
2009.083333,1.4
2009.166667,0.7
2009.25,0.8
2009.333333,2.9
2009.416667,2.9
2009.5,3.2
2009.583333,0
2009.666667,4.3
2009.75,4.8
2009.833333,4.1
2009.916667,10.8
2010,13.2
2010.083333,18.8
2010.166667,15.4
2010.25,8
2010.333333,8.7
2010.416667,13.6
2010.5,16.1
2010.583333,19.6
2010.666667,25.2
2010.75,23.5
2010.833333,21.5
2010.916667,14.4
2011,18.8
2011.083333,29.6
2011.166667,55.8
2011.25,54.4
2011.333333,41.6
2011.416667,37
2011.5,43.8
2011.583333,50.6
2011.666667,78
2011.75,88
2011.833333,96.7
2011.916667,73
2012,58.3
2012.083333,32.9
2012.166667,64.3
2012.25,55.2
2012.333333,69
2012.416667,64.5
2012.5,66.5
2012.583333,63
2012.666667,61.4
2012.75,53.3
2012.833333,61.8
2012.916667,40.8
2013,62.9
2013.083333,38.1
2013.166667,57.9
2013.25,72.4
2013.333333,78.7
2013.416667,52.5
2013.5,57
2013.583333,66
2013.666667,37