"","survived","age","sex","class"
"1",1,1,1,1
"2",1,1,1,1
"3",1,1,1,1
"4",1,1,1,1
"5",1,1,1,1
"6",1,1,1,1
"7",1,1,1,1
"8",1,1,1,1
"9",1,1,1,1
"10",1,1,1,1
"11",1,1,1,1
"12",1,1,1,1
"13",1,1,1,1
"14",1,1,1,1
"15",1,1,1,1
"16",1,1,1,1
"17",1,1,1,1
"18",1,1,1,1
"19",1,1,1,1
"20",1,1,1,1
"21",1,1,1,1
"22",1,1,1,1
"23",1,1,1,1
"24",1,1,1,1
"25",1,1,1,1
"26",1,1,1,1
"27",1,1,1,1
"28",1,1,1,1
"29",1,1,1,1
"30",1,1,1,1
"31",1,1,1,1
"32",1,1,1,1
"33",1,1,1,1
"34",1,1,1,1
"35",1,1,1,1
"36",1,1,1,1
"37",1,1,1,1
"38",1,1,1,1
"39",1,1,1,1
"40",1,1,1,1
"41",1,1,1,1
"42",1,1,1,1
"43",1,1,1,1
"44",1,1,1,1
"45",1,1,1,1
"46",1,1,1,1
"47",1,1,1,1
"48",1,1,1,1
"49",1,1,1,1
"50",1,1,1,1
"51",1,1,1,1
"52",1,1,1,1
"53",1,1,1,1
"54",1,1,1,1
"55",1,1,1,1
"56",1,1,1,1
"57",1,1,1,1
"58",0,1,1,1
"59",0,1,1,1
"60",0,1,1,1
"61",0,1,1,1
"62",0,1,1,1
"63",0,1,1,1
"64",0,1,1,1
"65",0,1,1,1
"66",0,1,1,1
"67",0,1,1,1
"68",0,1,1,1
"69",0,1,1,1
"70",0,1,1,1
"71",0,1,1,1
"72",0,1,1,1
"73",0,1,1,1
"74",0,1,1,1
"75",0,1,1,1
"76",0,1,1,1
"77",0,1,1,1
"78",0,1,1,1
"79",0,1,1,1
"80",0,1,1,1
"81",0,1,1,1
"82",0,1,1,1
"83",0,1,1,1
"84",0,1,1,1
"85",0,1,1,1
"86",0,1,1,1
"87",0,1,1,1
"88",0,1,1,1
"89",0,1,1,1
"90",0,1,1,1
"91",0,1,1,1
"92",0,1,1,1
"93",0,1,1,1
"94",0,1,1,1
"95",0,1,1,1
"96",0,1,1,1
"97",0,1,1,1
"98",0,1,1,1
"99",0,1,1,1
"100",0,1,1,1
"101",0,1,1,1
"102",0,1,1,1
"103",0,1,1,1
"104",0,1,1,1
"105",0,1,1,1
"106",0,1,1,1
"107",0,1,1,1
"108",0,1,1,1
"109",0,1,1,1
"110",0,1,1,1
"111",0,1,1,1
"112",0,1,1,1
"113",0,1,1,1
"114",0,1,1,1
"115",0,1,1,1
"116",0,1,1,1
"117",0,1,1,1
"118",0,1,1,1
"119",0,1,1,1
"120",0,1,1,1
"121",0,1,1,1
"122",0,1,1,1
"123",0,1,1,1
"124",0,1,1,1
"125",0,1,1,1
"126",0,1,1,1
"127",0,1,1,1
"128",0,1,1,1
"129",0,1,1,1
"130",0,1,1,1
"131",0,1,1,1
"132",0,1,1,1
"133",0,1,1,1
"134",0,1,1,1
"135",0,1,1,1
"136",0,1,1,1
"137",0,1,1,1
"138",0,1,1,1
"139",0,1,1,1
"140",0,1,1,1
"141",0,1,1,1
"142",0,1,1,1
"143",0,1,1,1
"144",0,1,1,1
"145",0,1,1,1
"146",0,1,1,1
"147",0,1,1,1
"148",0,1,1,1
"149",0,1,1,1
"150",0,1,1,1
"151",0,1,1,1
"152",0,1,1,1
"153",0,1,1,1
"154",0,1,1,1
"155",0,1,1,1
"156",0,1,1,1
"157",0,1,1,1
"158",0,1,1,1
"159",0,1,1,1
"160",0,1,1,1
"161",0,1,1,1
"162",0,1,1,1
"163",0,1,1,1
"164",0,1,1,1
"165",0,1,1,1
"166",0,1,1,1
"167",0,1,1,1
"168",0,1,1,1
"169",0,1,1,1
"170",0,1,1,1
"171",0,1,1,1
"172",0,1,1,1
"173",0,1,1,1
"174",0,1,1,1
"175",0,1,1,1
"176",1,1,0,1
"177",1,1,0,1
"178",1,1,0,1
"179",1,1,0,1
"180",1,1,0,1
"181",1,1,0,1
"182",1,1,0,1
"183",1,1,0,1
"184",1,1,0,1
"185",1,1,0,1
"186",1,1,0,1
"187",1,1,0,1
"188",1,1,0,1
"189",1,1,0,1
"190",1,1,0,1
"191",1,1,0,1
"192",1,1,0,1
"193",1,1,0,1
"194",1,1,0,1
"195",1,1,0,1
"196",1,1,0,1
"197",1,1,0,1
"198",1,1,0,1
"199",1,1,0,1
"200",1,1,0,1
"201",1,1,0,1
"202",1,1,0,1
"203",1,1,0,1
"204",1,1,0,1
"205",1,1,0,1
"206",1,1,0,1
"207",1,1,0,1
"208",1,1,0,1
"209",1,1,0,1
"210",1,1,0,1
"211",1,1,0,1
"212",1,1,0,1
"213",1,1,0,1
"214",1,1,0,1
"215",1,1,0,1
"216",1,1,0,1
"217",1,1,0,1
"218",1,1,0,1
"219",1,1,0,1
"220",1,1,0,1
"221",1,1,0,1
"222",1,1,0,1
"223",1,1,0,1
"224",1,1,0,1
"225",1,1,0,1
"226",1,1,0,1
"227",1,1,0,1
"228",1,1,0,1
"229",1,1,0,1
"230",1,1,0,1
"231",1,1,0,1
"232",1,1,0,1
"233",1,1,0,1
"234",1,1,0,1
"235",1,1,0,1
"236",1,1,0,1
"237",1,1,0,1
"238",1,1,0,1
"239",1,1,0,1
"240",1,1,0,1
"241",1,1,0,1
"242",1,1,0,1
"243",1,1,0,1
"244",1,1,0,1
"245",1,1,0,1
"246",1,1,0,1
"247",1,1,0,1
"248",1,1,0,1
"249",1,1,0,1
"250",1,1,0,1
"251",1,1,0,1
"252",1,1,0,1
"253",1,1,0,1
"254",1,1,0,1
"255",1,1,0,1
"256",1,1,0,1
"257",1,1,0,1
"258",1,1,0,1
"259",1,1,0,1
"260",1,1,0,1
"261",1,1,0,1
"262",1,1,0,1
"263",1,1,0,1
"264",1,1,0,1
"265",1,1,0,1
"266",1,1,0,1
"267",1,1,0,1
"268",1,1,0,1
"269",1,1,0,1
"270",1,1,0,1
"271",1,1,0,1
"272",1,1,0,1
"273",1,1,0,1
"274",1,1,0,1
"275",1,1,0,1
"276",1,1,0,1
"277",1,1,0,1
"278",1,1,0,1
"279",1,1,0,1
"280",1,1,0,1
"281",1,1,0,1
"282",1,1,0,1
"283",1,1,0,1
"284",1,1,0,1
"285",1,1,0,1
"286",1,1,0,1
"287",1,1,0,1
"288",1,1,0,1
"289",1,1,0,1
"290",1,1,0,1
"291",1,1,0,1
"292",1,1,0,1
"293",1,1,0,1
"294",1,1,0,1
"295",1,1,0,1
"296",1,1,0,1
"297",1,1,0,1
"298",1,1,0,1
"299",1,1,0,1
"300",1,1,0,1
"301",1,1,0,1
"302",1,1,0,1
"303",1,1,0,1
"304",1,1,0,1
"305",1,1,0,1
"306",1,1,0,1
"307",1,1,0,1
"308",1,1,0,1
"309",1,1,0,1
"310",1,1,0,1
"311",1,1,0,1
"312",1,1,0,1
"313",1,1,0,1
"314",1,1,0,1
"315",1,1,0,1
"316",0,1,0,1
"317",0,1,0,1
"318",0,1,0,1
"319",0,1,0,1
"320",1,0,1,1
"321",1,0,1,1
"322",1,0,1,1
"323",1,0,1,1
"324",1,0,1,1
"325",1,0,0,1
"326",1,1,1,2
"327",1,1,1,2
"328",1,1,1,2
"329",1,1,1,2
"330",1,1,1,2
"331",1,1,1,2
"332",1,1,1,2
"333",1,1,1,2
"334",1,1,1,2
"335",1,1,1,2
"336",1,1,1,2
"337",1,1,1,2
"338",1,1,1,2
"339",1,1,1,2
"340",0,1,1,2
"341",0,1,1,2
"342",0,1,1,2
"343",0,1,1,2
"344",0,1,1,2
"345",0,1,1,2
"346",0,1,1,2
"347",0,1,1,2
"348",0,1,1,2
"349",0,1,1,2
"350",0,1,1,2
"351",0,1,1,2
"352",0,1,1,2
"353",0,1,1,2
"354",0,1,1,2
"355",0,1,1,2
"356",0,1,1,2
"357",0,1,1,2
"358",0,1,1,2
"359",0,1,1,2
"360",0,1,1,2
"361",0,1,1,2
"362",0,1,1,2
"363",0,1,1,2
"364",0,1,1,2
"365",0,1,1,2
"366",0,1,1,2
"367",0,1,1,2
"368",0,1,1,2
"369",0,1,1,2
"370",0,1,1,2
"371",0,1,1,2
"372",0,1,1,2
"373",0,1,1,2
"374",0,1,1,2
"375",0,1,1,2
"376",0,1,1,2
"377",0,1,1,2
"378",0,1,1,2
"379",0,1,1,2
"380",0,1,1,2
"381",0,1,1,2
"382",0,1,1,2
"383",0,1,1,2
"384",0,1,1,2
"385",0,1,1,2
"386",0,1,1,2
"387",0,1,1,2
"388",0,1,1,2
"389",0,1,1,2
"390",0,1,1,2
"391",0,1,1,2
"392",0,1,1,2
"393",0,1,1,2
"394",0,1,1,2
"395",0,1,1,2
"396",0,1,1,2
"397",0,1,1,2
"398",0,1,1,2
"399",0,1,1,2
"400",0,1,1,2
"401",0,1,1,2
"402",0,1,1,2
"403",0,1,1,2
"404",0,1,1,2
"405",0,1,1,2
"406",0,1,1,2
"407",0,1,1,2
"408",0,1,1,2
"409",0,1,1,2
"410",0,1,1,2
"411",0,1,1,2
"412",0,1,1,2
"413",0,1,1,2
"414",0,1,1,2
"415",0,1,1,2
"416",0,1,1,2
"417",0,1,1,2
"418",0,1,1,2
"419",0,1,1,2
"420",0,1,1,2
"421",0,1,1,2
"422",0,1,1,2
"423",0,1,1,2
"424",0,1,1,2
"425",0,1,1,2
"426",0,1,1,2
"427",0,1,1,2
"428",0,1,1,2
"429",0,1,1,2
"430",0,1,1,2
"431",0,1,1,2
"432",0,1,1,2
"433",0,1,1,2
"434",0,1,1,2
"435",0,1,1,2
"436",0,1,1,2
"437",0,1,1,2
"438",0,1,1,2
"439",0,1,1,2
"440",0,1,1,2
"441",0,1,1,2
"442",0,1,1,2
"443",0,1,1,2
"444",0,1,1,2
"445",0,1,1,2
"446",0,1,1,2
"447",0,1,1,2
"448",0,1,1,2
"449",0,1,1,2
"450",0,1,1,2
"451",0,1,1,2
"452",0,1,1,2
"453",0,1,1,2
"454",0,1,1,2
"455",0,1,1,2
"456",0,1,1,2
"457",0,1,1,2
"458",0,1,1,2
"459",0,1,1,2
"460",0,1,1,2
"461",0,1,1,2
"462",0,1,1,2
"463",0,1,1,2
"464",0,1,1,2
"465",0,1,1,2
"466",0,1,1,2
"467",0,1,1,2
"468",0,1,1,2
"469",0,1,1,2
"470",0,1,1,2
"471",0,1,1,2
"472",0,1,1,2
"473",0,1,1,2
"474",0,1,1,2
"475",0,1,1,2
"476",0,1,1,2
"477",0,1,1,2
"478",0,1,1,2
"479",0,1,1,2
"480",0,1,1,2
"481",0,1,1,2
"482",0,1,1,2
"483",0,1,1,2
"484",0,1,1,2
"485",0,1,1,2
"486",0,1,1,2
"487",0,1,1,2
"488",0,1,1,2
"489",0,1,1,2
"490",0,1,1,2
"491",0,1,1,2
"492",0,1,1,2
"493",0,1,1,2
"494",1,1,0,2
"495",1,1,0,2
"496",1,1,0,2
"497",1,1,0,2
"498",1,1,0,2
"499",1,1,0,2
"500",1,1,0,2
"501",1,1,0,2
"502",1,1,0,2
"503",1,1,0,2
"504",1,1,0,2
"505",1,1,0,2
"506",1,1,0,2
"507",1,1,0,2
"508",1,1,0,2
"509",1,1,0,2
"510",1,1,0,2
"511",1,1,0,2
"512",1,1,0,2
"513",1,1,0,2
"514",1,1,0,2
"515",1,1,0,2
"516",1,1,0,2
"517",1,1,0,2
"518",1,1,0,2
"519",1,1,0,2
"520",1,1,0,2
"521",1,1,0,2
"522",1,1,0,2
"523",1,1,0,2
"524",1,1,0,2
"525",1,1,0,2
"526",1,1,0,2
"527",1,1,0,2
"528",1,1,0,2
"529",1,1,0,2
"530",1,1,0,2
"531",1,1,0,2
"532",1,1,0,2
"533",1,1,0,2
"534",1,1,0,2
"535",1,1,0,2
"536",1,1,0,2
"537",1,1,0,2
"538",1,1,0,2
"539",1,1,0,2
"540",1,1,0,2
"541",1,1,0,2
"542",1,1,0,2
"543",1,1,0,2
"544",1,1,0,2
"545",1,1,0,2
"546",1,1,0,2
"547",1,1,0,2
"548",1,1,0,2
"549",1,1,0,2
"550",1,1,0,2
"551",1,1,0,2
"552",1,1,0,2
"553",1,1,0,2
"554",1,1,0,2
"555",1,1,0,2
"556",1,1,0,2
"557",1,1,0,2
"558",1,1,0,2
"559",1,1,0,2
"560",1,1,0,2
"561",1,1,0,2
"562",1,1,0,2
"563",1,1,0,2
"564",1,1,0,2
"565",1,1,0,2
"566",1,1,0,2
"567",1,1,0,2
"568",1,1,0,2
"569",1,1,0,2
"570",1,1,0,2
"571",1,1,0,2
"572",1,1,0,2
"573",1,1,0,2
"574",0,1,0,2
"575",0,1,0,2
"576",0,1,0,2
"577",0,1,0,2
"578",0,1,0,2
"579",0,1,0,2
"580",0,1,0,2
"581",0,1,0,2
"582",0,1,0,2
"583",0,1,0,2
"584",0,1,0,2
"585",0,1,0,2
"586",0,1,0,2
"587",1,0,1,2
"588",1,0,1,2
"589",1,0,1,2
"590",1,0,1,2
"591",1,0,1,2
"592",1,0,1,2
"593",1,0,1,2
"594",1,0,1,2
"595",1,0,1,2
"596",1,0,1,2
"597",1,0,1,2
"598",1,0,0,2
"599",1,0,0,2
"600",1,0,0,2
"601",1,0,0,2
"602",1,0,0,2
"603",1,0,0,2
"604",1,0,0,2
"605",1,0,0,2
"606",1,0,0,2
"607",1,0,0,2
"608",1,0,0,2
"609",1,0,0,2
"610",1,0,0,2
"611",1,1,1,3
"612",1,1,1,3
"613",1,1,1,3
"614",1,1,1,3
"615",1,1,1,3
"616",1,1,1,3
"617",1,1,1,3
"618",1,1,1,3
"619",1,1,1,3
"620",1,1,1,3
"621",1,1,1,3
"622",1,1,1,3
"623",1,1,1,3
"624",1,1,1,3
"625",1,1,1,3
"626",1,1,1,3
"627",1,1,1,3
"628",1,1,1,3
"629",1,1,1,3
"630",1,1,1,3
"631",1,1,1,3
"632",1,1,1,3
"633",1,1,1,3
"634",1,1,1,3
"635",1,1,1,3
"636",1,1,1,3
"637",1,1,1,3
"638",1,1,1,3
"639",1,1,1,3
"640",1,1,1,3
"641",1,1,1,3
"642",1,1,1,3
"643",1,1,1,3
"644",1,1,1,3
"645",1,1,1,3
"646",1,1,1,3
"647",1,1,1,3
"648",1,1,1,3
"649",1,1,1,3
"650",1,1,1,3
"651",1,1,1,3
"652",1,1,1,3
"653",1,1,1,3
"654",1,1,1,3
"655",1,1,1,3
"656",1,1,1,3
"657",1,1,1,3
"658",1,1,1,3
"659",1,1,1,3
"660",1,1,1,3
"661",1,1,1,3
"662",1,1,1,3
"663",1,1,1,3
"664",1,1,1,3
"665",1,1,1,3
"666",1,1,1,3
"667",1,1,1,3
"668",1,1,1,3
"669",1,1,1,3
"670",1,1,1,3
"671",1,1,1,3
"672",1,1,1,3
"673",1,1,1,3
"674",1,1,1,3
"675",1,1,1,3
"676",1,1,1,3
"677",1,1,1,3
"678",1,1,1,3
"679",1,1,1,3
"680",1,1,1,3
"681",1,1,1,3
"682",1,1,1,3
"683",1,1,1,3
"684",1,1,1,3
"685",1,1,1,3
"686",0,1,1,3
"687",0,1,1,3
"688",0,1,1,3
"689",0,1,1,3
"690",0,1,1,3
"691",0,1,1,3
"692",0,1,1,3
"693",0,1,1,3
"694",0,1,1,3
"695",0,1,1,3
"696",0,1,1,3
"697",0,1,1,3
"698",0,1,1,3
"699",0,1,1,3
"700",0,1,1,3
"701",0,1,1,3
"702",0,1,1,3
"703",0,1,1,3
"704",0,1,1,3
"705",0,1,1,3
"706",0,1,1,3
"707",0,1,1,3
"708",0,1,1,3
"709",0,1,1,3
"710",0,1,1,3
"711",0,1,1,3
"712",0,1,1,3
"713",0,1,1,3
"714",0,1,1,3
"715",0,1,1,3
"716",0,1,1,3
"717",0,1,1,3
"718",0,1,1,3
"719",0,1,1,3
"720",0,1,1,3
"721",0,1,1,3
"722",0,1,1,3
"723",0,1,1,3
"724",0,1,1,3
"725",0,1,1,3
"726",0,1,1,3
"727",0,1,1,3
"728",0,1,1,3
"729",0,1,1,3
"730",0,1,1,3
"731",0,1,1,3
"732",0,1,1,3
"733",0,1,1,3
"734",0,1,1,3
"735",0,1,1,3
"736",0,1,1,3
"737",0,1,1,3
"738",0,1,1,3
"739",0,1,1,3
"740",0,1,1,3
"741",0,1,1,3
"742",0,1,1,3
"743",0,1,1,3
"744",0,1,1,3
"745",0,1,1,3
"746",0,1,1,3
"747",0,1,1,3
"748",0,1,1,3
"749",0,1,1,3
"750",0,1,1,3
"751",0,1,1,3
"752",0,1,1,3
"753",0,1,1,3
"754",0,1,1,3
"755",0,1,1,3
"756",0,1,1,3
"757",0,1,1,3
"758",0,1,1,3
"759",0,1,1,3
"760",0,1,1,3
"761",0,1,1,3
"762",0,1,1,3
"763",0,1,1,3
"764",0,1,1,3
"765",0,1,1,3
"766",0,1,1,3
"767",0,1,1,3
"768",0,1,1,3
"769",0,1,1,3
"770",0,1,1,3
"771",0,1,1,3
"772",0,1,1,3
"773",0,1,1,3
"774",0,1,1,3
"775",0,1,1,3
"776",0,1,1,3
"777",0,1,1,3
"778",0,1,1,3
"779",0,1,1,3
"780",0,1,1,3
"781",0,1,1,3
"782",0,1,1,3
"783",0,1,1,3
"784",0,1,1,3
"785",0,1,1,3
"786",0,1,1,3
"787",0,1,1,3
"788",0,1,1,3
"789",0,1,1,3
"790",0,1,1,3
"791",0,1,1,3
"792",0,1,1,3
"793",0,1,1,3
"794",0,1,1,3
"795",0,1,1,3
"796",0,1,1,3
"797",0,1,1,3
"798",0,1,1,3
"799",0,1,1,3
"800",0,1,1,3
"801",0,1,1,3
"802",0,1,1,3
"803",0,1,1,3
"804",0,1,1,3
"805",0,1,1,3
"806",0,1,1,3
"807",0,1,1,3
"808",0,1,1,3
"809",0,1,1,3
"810",0,1,1,3
"811",0,1,1,3
"812",0,1,1,3
"813",0,1,1,3
"814",0,1,1,3
"815",0,1,1,3
"816",0,1,1,3
"817",0,1,1,3
"818",0,1,1,3
"819",0,1,1,3
"820",0,1,1,3
"821",0,1,1,3
"822",0,1,1,3
"823",0,1,1,3
"824",0,1,1,3
"825",0,1,1,3
"826",0,1,1,3
"827",0,1,1,3
"828",0,1,1,3
"829",0,1,1,3
"830",0,1,1,3
"831",0,1,1,3
"832",0,1,1,3
"833",0,1,1,3
"834",0,1,1,3
"835",0,1,1,3
"836",0,1,1,3
"837",0,1,1,3
"838",0,1,1,3
"839",0,1,1,3
"840",0,1,1,3
"841",0,1,1,3
"842",0,1,1,3
"843",0,1,1,3
"844",0,1,1,3
"845",0,1,1,3
"846",0,1,1,3
"847",0,1,1,3
"848",0,1,1,3
"849",0,1,1,3
"850",0,1,1,3
"851",0,1,1,3
"852",0,1,1,3
"853",0,1,1,3
"854",0,1,1,3
"855",0,1,1,3
"856",0,1,1,3
"857",0,1,1,3
"858",0,1,1,3
"859",0,1,1,3
"860",0,1,1,3
"861",0,1,1,3
"862",0,1,1,3
"863",0,1,1,3
"864",0,1,1,3
"865",0,1,1,3
"866",0,1,1,3
"867",0,1,1,3
"868",0,1,1,3
"869",0,1,1,3
"870",0,1,1,3
"871",0,1,1,3
"872",0,1,1,3
"873",0,1,1,3
"874",0,1,1,3
"875",0,1,1,3
"876",0,1,1,3
"877",0,1,1,3
"878",0,1,1,3
"879",0,1,1,3
"880",0,1,1,3
"881",0,1,1,3
"882",0,1,1,3
"883",0,1,1,3
"884",0,1,1,3
"885",0,1,1,3
"886",0,1,1,3
"887",0,1,1,3
"888",0,1,1,3
"889",0,1,1,3
"890",0,1,1,3
"891",0,1,1,3
"892",0,1,1,3
"893",0,1,1,3
"894",0,1,1,3
"895",0,1,1,3
"896",0,1,1,3
"897",0,1,1,3
"898",0,1,1,3
"899",0,1,1,3
"900",0,1,1,3
"901",0,1,1,3
"902",0,1,1,3
"903",0,1,1,3
"904",0,1,1,3
"905",0,1,1,3
"906",0,1,1,3
"907",0,1,1,3
"908",0,1,1,3
"909",0,1,1,3
"910",0,1,1,3
"911",0,1,1,3
"912",0,1,1,3
"913",0,1,1,3
"914",0,1,1,3
"915",0,1,1,3
"916",0,1,1,3
"917",0,1,1,3
"918",0,1,1,3
"919",0,1,1,3
"920",0,1,1,3
"921",0,1,1,3
"922",0,1,1,3
"923",0,1,1,3
"924",0,1,1,3
"925",0,1,1,3
"926",0,1,1,3
"927",0,1,1,3
"928",0,1,1,3
"929",0,1,1,3
"930",0,1,1,3
"931",0,1,1,3
"932",0,1,1,3
"933",0,1,1,3
"934",0,1,1,3
"935",0,1,1,3
"936",0,1,1,3
"937",0,1,1,3
"938",0,1,1,3
"939",0,1,1,3
"940",0,1,1,3
"941",0,1,1,3
"942",0,1,1,3
"943",0,1,1,3
"944",0,1,1,3
"945",0,1,1,3
"946",0,1,1,3
"947",0,1,1,3
"948",0,1,1,3
"949",0,1,1,3
"950",0,1,1,3
"951",0,1,1,3
"952",0,1,1,3
"953",0,1,1,3
"954",0,1,1,3
"955",0,1,1,3
"956",0,1,1,3
"957",0,1,1,3
"958",0,1,1,3
"959",0,1,1,3
"960",0,1,1,3
"961",0,1,1,3
"962",0,1,1,3
"963",0,1,1,3
"964",0,1,1,3
"965",0,1,1,3
"966",0,1,1,3
"967",0,1,1,3
"968",0,1,1,3
"969",0,1,1,3
"970",0,1,1,3
"971",0,1,1,3
"972",0,1,1,3
"973",0,1,1,3
"974",0,1,1,3
"975",0,1,1,3
"976",0,1,1,3
"977",0,1,1,3
"978",0,1,1,3
"979",0,1,1,3
"980",0,1,1,3
"981",0,1,1,3
"982",0,1,1,3
"983",0,1,1,3
"984",0,1,1,3
"985",0,1,1,3
"986",0,1,1,3
"987",0,1,1,3
"988",0,1,1,3
"989",0,1,1,3
"990",0,1,1,3
"991",0,1,1,3
"992",0,1,1,3
"993",0,1,1,3
"994",0,1,1,3
"995",0,1,1,3
"996",0,1,1,3
"997",0,1,1,3
"998",0,1,1,3
"999",0,1,1,3
"1000",0,1,1,3
"1001",0,1,1,3
"1002",0,1,1,3
"1003",0,1,1,3
"1004",0,1,1,3
"1005",0,1,1,3
"1006",0,1,1,3
"1007",0,1,1,3
"1008",0,1,1,3
"1009",0,1,1,3
"1010",0,1,1,3
"1011",0,1,1,3
"1012",0,1,1,3
"1013",0,1,1,3
"1014",0,1,1,3
"1015",0,1,1,3
"1016",0,1,1,3
"1017",0,1,1,3
"1018",0,1,1,3
"1019",0,1,1,3
"1020",0,1,1,3
"1021",0,1,1,3
"1022",0,1,1,3
"1023",0,1,1,3
"1024",0,1,1,3
"1025",0,1,1,3
"1026",0,1,1,3
"1027",0,1,1,3
"1028",0,1,1,3
"1029",0,1,1,3
"1030",0,1,1,3
"1031",0,1,1,3
"1032",0,1,1,3
"1033",0,1,1,3
"1034",0,1,1,3
"1035",0,1,1,3
"1036",0,1,1,3
"1037",0,1,1,3
"1038",0,1,1,3
"1039",0,1,1,3
"1040",0,1,1,3
"1041",0,1,1,3
"1042",0,1,1,3
"1043",0,1,1,3
"1044",0,1,1,3
"1045",0,1,1,3
"1046",0,1,1,3
"1047",0,1,1,3
"1048",0,1,1,3
"1049",0,1,1,3
"1050",0,1,1,3
"1051",0,1,1,3
"1052",0,1,1,3
"1053",0,1,1,3
"1054",0,1,1,3
"1055",0,1,1,3
"1056",0,1,1,3
"1057",0,1,1,3
"1058",0,1,1,3
"1059",0,1,1,3
"1060",0,1,1,3
"1061",0,1,1,3
"1062",0,1,1,3
"1063",0,1,1,3
"1064",0,1,1,3
"1065",0,1,1,3
"1066",0,1,1,3
"1067",0,1,1,3
"1068",0,1,1,3
"1069",0,1,1,3
"1070",0,1,1,3
"1071",0,1,1,3
"1072",0,1,1,3
"1073",1,1,0,3
"1074",1,1,0,3
"1075",1,1,0,3
"1076",1,1,0,3
"1077",1,1,0,3
"1078",1,1,0,3
"1079",1,1,0,3
"1080",1,1,0,3
"1081",1,1,0,3
"1082",1,1,0,3
"1083",1,1,0,3
"1084",1,1,0,3
"1085",1,1,0,3
"1086",1,1,0,3
"1087",1,1,0,3
"1088",1,1,0,3
"1089",1,1,0,3
"1090",1,1,0,3
"1091",1,1,0,3
"1092",1,1,0,3
"1093",1,1,0,3
"1094",1,1,0,3
"1095",1,1,0,3
"1096",1,1,0,3
"1097",1,1,0,3
"1098",1,1,0,3
"1099",1,1,0,3
"1100",1,1,0,3
"1101",1,1,0,3
"1102",1,1,0,3
"1103",1,1,0,3
"1104",1,1,0,3
"1105",1,1,0,3
"1106",1,1,0,3
"1107",1,1,0,3
"1108",1,1,0,3
"1109",1,1,0,3
"1110",1,1,0,3
"1111",1,1,0,3
"1112",1,1,0,3
"1113",1,1,0,3
"1114",1,1,0,3
"1115",1,1,0,3
"1116",1,1,0,3
"1117",1,1,0,3
"1118",1,1,0,3
"1119",1,1,0,3
"1120",1,1,0,3
"1121",1,1,0,3
"1122",1,1,0,3
"1123",1,1,0,3
"1124",1,1,0,3
"1125",1,1,0,3
"1126",1,1,0,3
"1127",1,1,0,3
"1128",1,1,0,3
"1129",1,1,0,3
"1130",1,1,0,3
"1131",1,1,0,3
"1132",1,1,0,3
"1133",1,1,0,3
"1134",1,1,0,3
"1135",1,1,0,3
"1136",1,1,0,3
"1137",1,1,0,3
"1138",1,1,0,3
"1139",1,1,0,3
"1140",1,1,0,3
"1141",1,1,0,3
"1142",1,1,0,3
"1143",1,1,0,3
"1144",1,1,0,3
"1145",1,1,0,3
"1146",1,1,0,3
"1147",1,1,0,3
"1148",1,1,0,3
"1149",0,1,0,3
"1150",0,1,0,3
"1151",0,1,0,3
"1152",0,1,0,3
"1153",0,1,0,3
"1154",0,1,0,3
"1155",0,1,0,3
"1156",0,1,0,3
"1157",0,1,0,3
"1158",0,1,0,3
"1159",0,1,0,3
"1160",0,1,0,3
"1161",0,1,0,3
"1162",0,1,0,3
"1163",0,1,0,3
"1164",0,1,0,3
"1165",0,1,0,3
"1166",0,1,0,3
"1167",0,1,0,3
"1168",0,1,0,3
"1169",0,1,0,3
"1170",0,1,0,3
"1171",0,1,0,3
"1172",0,1,0,3
"1173",0,1,0,3
"1174",0,1,0,3
"1175",0,1,0,3
"1176",0,1,0,3
"1177",0,1,0,3
"1178",0,1,0,3
"1179",0,1,0,3
"1180",0,1,0,3
"1181",0,1,0,3
"1182",0,1,0,3
"1183",0,1,0,3
"1184",0,1,0,3
"1185",0,1,0,3
"1186",0,1,0,3
"1187",0,1,0,3
"1188",0,1,0,3
"1189",0,1,0,3
"1190",0,1,0,3
"1191",0,1,0,3
"1192",0,1,0,3
"1193",0,1,0,3
"1194",0,1,0,3
"1195",0,1,0,3
"1196",0,1,0,3
"1197",0,1,0,3
"1198",0,1,0,3
"1199",0,1,0,3
"1200",0,1,0,3
"1201",0,1,0,3
"1202",0,1,0,3
"1203",0,1,0,3
"1204",0,1,0,3
"1205",0,1,0,3
"1206",0,1,0,3
"1207",0,1,0,3
"1208",0,1,0,3
"1209",0,1,0,3
"1210",0,1,0,3
"1211",0,1,0,3
"1212",0,1,0,3
"1213",0,1,0,3
"1214",0,1,0,3
"1215",0,1,0,3
"1216",0,1,0,3
"1217",0,1,0,3
"1218",0,1,0,3
"1219",0,1,0,3
"1220",0,1,0,3
"1221",0,1,0,3
"1222",0,1,0,3
"1223",0,1,0,3
"1224",0,1,0,3
"1225",0,1,0,3
"1226",0,1,0,3
"1227",0,1,0,3
"1228",0,1,0,3
"1229",0,1,0,3
"1230",0,1,0,3
"1231",0,1,0,3
"1232",0,1,0,3
"1233",0,1,0,3
"1234",0,1,0,3
"1235",0,1,0,3
"1236",0,1,0,3
"1237",0,1,0,3
"1238",1,0,1,3
"1239",1,0,1,3
"1240",1,0,1,3
"1241",1,0,1,3
"1242",1,0,1,3
"1243",1,0,1,3
"1244",1,0,1,3
"1245",1,0,1,3
"1246",1,0,1,3
"1247",1,0,1,3
"1248",1,0,1,3
"1249",1,0,1,3
"1250",1,0,1,3
"1251",0,0,1,3
"1252",0,0,1,3
"1253",0,0,1,3
"1254",0,0,1,3
"1255",0,0,1,3
"1256",0,0,1,3
"1257",0,0,1,3
"1258",0,0,1,3
"1259",0,0,1,3
"1260",0,0,1,3
"1261",0,0,1,3
"1262",0,0,1,3
"1263",0,0,1,3
"1264",0,0,1,3
"1265",0,0,1,3
"1266",0,0,1,3
"1267",0,0,1,3
"1268",0,0,1,3
"1269",0,0,1,3
"1270",0,0,1,3
"1271",0,0,1,3
"1272",0,0,1,3
"1273",0,0,1,3
"1274",0,0,1,3
"1275",0,0,1,3
"1276",0,0,1,3
"1277",0,0,1,3
"1278",0,0,1,3
"1279",0,0,1,3
"1280",0,0,1,3
"1281",0,0,1,3
"1282",0,0,1,3
"1283",0,0,1,3
"1284",0,0,1,3
"1285",0,0,1,3
"1286",1,0,0,3
"1287",1,0,0,3
"1288",1,0,0,3
"1289",1,0,0,3
"1290",1,0,0,3
"1291",1,0,0,3
"1292",1,0,0,3
"1293",1,0,0,3
"1294",1,0,0,3
"1295",1,0,0,3
"1296",1,0,0,3
"1297",1,0,0,3
"1298",1,0,0,3
"1299",1,0,0,3
"1300",0,0,0,3
"1301",0,0,0,3
"1302",0,0,0,3
"1303",0,0,0,3
"1304",0,0,0,3
"1305",0,0,0,3
"1306",0,0,0,3
"1307",0,0,0,3
"1308",0,0,0,3
"1309",0,0,0,3
"1310",0,0,0,3
"1311",0,0,0,3
"1312",0,0,0,3
"1313",0,0,0,3
"1314",0,0,0,3
"1315",0,0,0,3
"1316",0,0,0,3
